Date,Cusip,ISIN,Rank,Trade_Dir,Weight,Trade_Open,Trade_Close
2024-07-18,00126TAB1,CA00126TAB13,,,0.0,,
2024-07-18,00208DAA9,CA00208DAA96,0.09090909090909091,-1.0,-0.3570249527985192,2024-07-31,2024-08-31
2024-07-18,00208DAB7,CA00208DAB79,,,0.0,,
2024-07-18,007863AC7,CA007863AC74,0.02127659574468085,-1.0,-0.15323831327080717,2024-07-31,2024-08-31
2024-07-18,007863AE3,CA007863AE31,0.10638297872340426,-1.0,-0.15323831327080717,2024-07-31,2024-08-31
2024-07-18,007863AF0,CA007863AF06,0.1566265060240964,-1.0,-0.24518130123329143,2024-07-31,2024-08-31
2024-07-18,007863AG8,CA007863AG88,0.03614457831325301,-1.0,-0.18388597592496855,2024-07-31,2024-08-31
2024-07-18,007863AH6,CA007863AH61,0.05084745762711865,-1.0,-0.15323831327080717,2024-07-31,2024-08-31
2024-07-18,007863AJ2,CA007863AJ28,0.03389830508474576,-1.0,-0.15323831327080717,2024-07-31,2024-08-31
2024-07-18,007863AK9,CA007863AK90,0.025974025974025976,-1.0,-0.12259065061664572,2024-07-31,2024-08-31
2024-07-18,007863AL7,CA007863AL73,0.03896103896103896,-1.0,-0.15323831327080717,2024-07-31,2024-08-31
2024-07-18,007863AM5,CA007863AM56,0.03896103896103896,-1.0,-0.15323831327080717,2024-07-31,2024-08-31
2024-07-18,00889YAB7,CA00889YAB70,,,0.0,,
2024-07-18,00889YAC5,CA00889YAC53,,,0.0,,
2024-07-18,00889YAD3,CA00889YAD37,,,0.0,,
2024-07-18,00889YAE1,CA00889YAE10,0.16083916083916083,-1.0,-0.9813160032493905,2024-07-31,2024-08-31
2024-07-18,00889YAF8,CA00889YAF84,,,0.0,,
2024-07-18,00889YAG6,CA00889YAG67,,,0.0,,
2024-07-18,013047AB1,CA013047AB15,0.9384615384615385,1.0,0.9057070456005916,2024-07-31,2024-08-31
2024-07-18,013047AD7,CA013047AD70,0.9076923076923077,1.0,0.9057070456005916,2024-07-31,2024-08-31
2024-07-18,014443AC9,CA014443AC95,,,0.0,,
2024-07-18,014443AF2,CA014443AF27,,,0.0,,
2024-07-18,014443AG0,CA014443AG00,0.024475524475524476,-1.0,-0.33712428919577575,2024-07-31,2024-08-31
2024-07-18,014443AK1,CA014443AK12,,,0.0,,
2024-07-18,014443AL9,CA014443AL94,0.02304147465437788,-1.0,-0.18388597592496855,2024-07-31,2024-08-31
2024-07-18,014443AM7,CA014443AM77,,,0.0,,
2024-07-18,014443AN5,CA014443AN50,0.0425531914893617,-1.0,-0.24518130123329143,2024-07-31,2024-08-31
2024-07-18,01585PAG0,CA01585PAG06,,,0.0,,
2024-07-18,01585PAJ4,CA01585PAJ45,,,0.0,,
2024-07-18,01585PAK1,CA01585PAK18,,,0.0,,
2024-07-18,01626PAS5,CA01626PAS52,,,0.0,,
2024-07-18,01626PAT3,CA01626PAT36,,,0.0,,
2024-07-18,02091ZAA6,CA02091ZAA62,,,0.0,,
2024-07-18,02091ZAB4,CA02091ZAB46,,,0.0,,
2024-07-18,02135ZAA4,CA02135ZAA45,0.12048192771084337,-1.0,-0.12259065061664572,2024-07-31,2024-08-31
2024-07-18,02135ZAC0,CA02135ZAC01,,,0.0,,
2024-07-18,02135ZAD8,CA02135ZAD83,,,0.0,,
2024-07-18,02135ZAE6,CA02135ZAE66,,,0.0,,
2024-07-18,02135ZAF3,CA02135ZAF32,,,0.0,,
2024-07-18,02135ZAH9,CA02135ZAH97,,,0.0,,
2024-07-18,02135ZAK2,CA02135ZAK27,,,0.0,,
2024-07-18,02135ZAN6,CA02135ZAN65,,,0.0,,
2024-07-18,02135ZAP1,CA02135ZAP14,,,0.0,,
2024-07-18,02135ZAQ9,CA02135ZAQ96,,,0.0,,
2024-07-18,02135ZAR7,CA02135ZAR79,0.013986013986013986,-1.0,-0.18388597592496855,2024-07-31,2024-08-31
2024-07-18,02135ZAS5,CA02135ZAS52,,,0.0,,
2024-07-18,021374AC7,CA021374AC77,0.018433179723502304,-1.0,-0.12259065061664572,2024-07-31,2024-08-31
2024-07-18,021374AD5,CA021374AD50,0.06451612903225806,-1.0,-0.15323831327080717,2024-07-31,2024-08-31
2024-07-18,021374AE3,CA021374AE34,,,0.0,,
2024-07-18,021374AF0,CA021374AF09,,,0.0,,
2024-07-18,02138ZAL7,CA02138ZAL72,0.12903225806451613,-1.0,-0.24991746695896339,2024-07-31,2024-08-31
2024-07-18,02138ZAP8,CA02138ZAP86,,,0.0,,
2024-07-18,02138ZAQ6,CA02138ZAQ69,,,0.0,,
2024-07-18,02138ZAR4,CA02138ZAR43,0.2,-1.0,-0.14280998111940765,2024-07-31,2024-08-31
2024-07-18,02138ZAW3,CA02138ZAW38,,,0.0,,
2024-07-18,02138ZAX1,CA02138ZAX11,0.13829787234042554,-1.0,-0.1785124763992596,2024-07-31,2024-08-31
2024-07-18,02138ZAZ6,CA02138ZAZ68,,,0.0,,
2024-07-18,02138ZBG7,CA02138ZBG78,,,0.0,,
2024-07-18,02138ZBH5,CA02138ZBH51,,,0.0,,
2024-07-18,02138ZBJ1,CA02138ZBJ18,,,0.0,,
2024-07-18,02138ZBK8,CA02138ZBK80,0.13333333333333333,-1.0,-0.3927274480783711,2024-07-31,2024-08-31
2024-07-18,042767AB9,CA042767AB95,,,0.0,,
2024-07-18,046789AA1,CA046789AA18,,,0.0,,
2024-07-18,04682BAA0,CA04682BAA04,,,0.0,,
2024-07-18,05554PAA1,CA05554PAA18,,,0.0,,
2024-07-18,05554PAC7,CA05554PAC73,0.04195804195804196,-1.0,-0.9813160032493905,2024-07-31,2024-08-31
2024-07-18,05554PAE3,CA05554PAE30,0.0944055944055944,-1.0,-0.8586515028432167,2024-07-31,2024-08-31
2024-07-18,05573YAB7,CA05573YAB70,,,0.0,,
2024-07-18,05590HBC0,CA05590HBC03,,,0.0,,
2024-07-18,05590HBD8,CA05590HBD85,,,0.0,,
2024-07-18,063679EC4,CA063679EC44,,,0.0,,
2024-07-18,06368AAA8,CA06368AAA84,,,0.0,,
2024-07-18,06368BTX6,CA06368BTX69,,,0.0,,
2024-07-18,06368D3U6,CA06368D3U60,,,0.0,,
2024-07-18,06368DPC2,CA06368DPC25,,,0.0,,
2024-07-18,06368DTH7,CA06368DTH75,,,0.0,,
2024-07-18,06368DW26,CA06368DW260,,,0.0,,
2024-07-18,06368L5G7,CA06368L5G77,,,0.0,,
2024-07-18,06368LB88,CA06368LB887,,,0.0,,
2024-07-18,06368LEY8,CA06368LEY89,,,0.0,,
2024-07-18,06368LNK8,CA06368LNK84,,,0.0,,
2024-07-18,06369ZCG7,CA06369ZCG78,0.8321678321678322,1.0,0.4799372915707688,2024-07-31,2024-08-31
2024-07-18,06369ZCH5,CA06369ZCH51,,,0.0,,
2024-07-18,06369ZCJ1,CA06369ZCJ18,0.8248847926267281,1.0,0.7199059373561532,2024-07-31,2024-08-31
2024-07-18,06369ZCK8,CA06369ZCK80,0.9032258064516129,1.0,0.4799372915707688,2024-07-31,2024-08-31
2024-07-18,064151QE6,CA064151QE68,,,0.0,,
2024-07-18,064151S95,CA064151S959,,,0.0,,
2024-07-18,06415E4E2,CA06415E4E25,,,0.0,,
2024-07-18,06415FFT4,CA06415FFT45,,,0.0,,
2024-07-18,06415GDE7,CA06415GDE76,0.7902097902097902,1.0,1.859757004836729,2024-07-31,2024-08-31
2024-07-18,06415GDJ6,CA06415GDJ63,0.9475524475524476,1.0,0.9598745831415376,2024-07-31,2024-08-31
2024-07-18,06415GH29,CA06415GH297,,,0.0,,
2024-07-18,06415GM98,CA06415GM982,0.8387096774193549,1.0,0.5699255337402879,2024-07-31,2024-08-31
2024-07-18,064164JA5,CA064164JA58,,,0.0,,
2024-07-18,064164QM1,CA064164QM14,,,0.0,,
2024-07-18,06418MQT4,CA06418MQT40,,,0.0,,
2024-07-18,07329VAR1,CA07329VAR11,,,0.0,,
2024-07-18,07813ZAC8,CA07813ZAC82,,,0.0,,
2024-07-18,07813ZAL8,CA07813ZAL81,,,0.0,,
2024-07-18,07813ZAP9,CA07813ZAP95,,,0.0,,
2024-07-18,07813ZAT1,CA07813ZAT18,,,0.0,,
2024-07-18,07813ZBH6,CA07813ZBH60,0.8,1.0,0.704874679063369,2024-07-31,2024-08-31
2024-07-18,07813ZBL7,CA07813ZBL72,,,0.0,,
2024-07-18,07813ZBR4,CA07813ZBR43,0.8709677419354839,1.0,0.49341227534435816,2024-07-31,2024-08-31
2024-07-18,07813ZBT0,CA07813ZBT09,0.10139860139860139,-1.0,-0.8092276343436999,2024-07-31,2024-08-31
2024-07-18,07813ZBV5,CA07813ZBV54,0.15734265734265734,-1.0,-0.7013306164312068,2024-07-31,2024-08-31
2024-07-18,07813ZBX1,CA07813ZBX11,,,0.0,,
2024-07-18,07813ZBY9,CA07813ZBY93,,,0.0,,
2024-07-18,07813ZCA0,CA07813ZCA09,,,0.0,,
2024-07-18,07813ZCC6,CA07813ZCC64,,,0.0,,
2024-07-18,07813ZCD4,CA07813ZCD48,,,0.0,,
2024-07-18,07813ZCE2,CA07813ZCE21,,,0.0,,
2024-07-18,07813ZCF9,CA07813ZCF95,0.11888111888111888,-1.0,-0.7552791253874533,2024-07-31,2024-08-31
2024-07-18,07813ZCG7,CA07813ZCG78,0.14893617021276595,-1.0,-0.97107316121244,2024-07-31,2024-08-31
2024-07-18,07813ZCH5,CA07813ZCH51,,,0.0,,
2024-07-18,07813ZCJ1,CA07813ZCJ18,,,0.0,,
2024-07-18,07813ZCK8,CA07813ZCK80,,,0.0,,
2024-07-18,07813ZCL6,CA07813ZCL63,,,0.0,,
2024-07-18,07813ZCM4,CA07813ZCM47,,,0.0,,
2024-07-18,07813ZCN2,CA07813ZCN20,,,0.0,,
2024-07-18,07813ZCP7,CA07813ZCP77,,,0.0,,
2024-07-18,07813ZCQ5,CA07813ZCQ50,,,0.0,,
2024-07-18,07813ZCR3,CA07813ZCR34,,,0.0,,
2024-07-18,10549PAJ0,CA10549PAJ09,0.9156626506024096,1.0,0.47088628509273145,2024-07-31,2024-08-31
2024-07-18,110574AD2,CA110574AD26,,,0.0,,
2024-07-18,110574AF7,CA110574AF73,,,0.0,,
2024-07-18,110574AH3,CA110574AH30,,,0.0,,
2024-07-18,110574AJ9,CA110574AJ95,,,0.0,,
2024-07-18,110574AK6,CA110574AK68,,,0.0,,
2024-07-18,11257ZAE9,CA11257ZAE93,,,0.0,,
2024-07-18,11257ZAF6,CA11257ZAF68,,,0.0,,
2024-07-18,11271ZAA9,CA11271ZAA99,0.8404255319148937,1.0,0.8829117845488714,2024-07-31,2024-08-31
2024-07-18,11282ZAL2,CA11282ZAL28,0.1993006993006993,-1.0,-0.3213224575186672,2024-07-31,2024-08-31
2024-07-18,11282ZAM0,CA11282ZAM01,0.14746543778801843,-1.0,-0.2856199622388153,2024-07-31,2024-08-31
2024-07-18,11282ZAN8,CA11282ZAN83,,,0.0,,
2024-07-18,11282ZAP3,CA11282ZAP32,,,0.0,,
2024-07-18,11282ZAQ1,CA11282ZAQ15,,,0.0,,
2024-07-18,11282ZAR9,CA11282ZAR97,0.1595744680851064,-1.0,-0.3927274480783711,2024-07-31,2024-08-31
2024-07-18,11282ZAS7,CA11282ZAS70,,,0.0,,
2024-07-18,11282ZAT5,CA11282ZAT53,,,0.0,,
2024-07-18,11282ZAU2,CA11282ZAU27,,,0.0,,
2024-07-18,11291ZAE7,CA11291ZAE75,0.08294930875576037,-1.0,-0.3677719518499371,2024-07-31,2024-08-31
2024-07-18,11291ZAF4,CA11291ZAF41,,,0.0,,
2024-07-18,11291ZAG2,CA11291ZAG24,,,0.0,,
2024-07-18,11291ZAH0,CA11291ZAH07,,,0.0,,
2024-07-18,11291ZAJ6,CA11291ZAJ62,,,0.0,,
2024-07-18,11291ZAK3,CA11291ZAK36,,,0.0,,
2024-07-18,11291ZAL1,CA11291ZAL19,,,0.0,,
2024-07-18,11291ZAM9,CA11291ZAM91,,,0.0,,
2024-07-18,11291ZAN7,CA11291ZAN74,,,0.0,,
2024-07-18,116705AB0,CA116705AB01,0.03496503496503497,-1.0,-0.42842994335822293,2024-07-31,2024-08-31
2024-07-18,116705AE4,CA116705AE40,0.07373271889400922,-1.0,-0.2856199622388153,2024-07-31,2024-08-31
2024-07-18,116705AG9,CA116705AG97,0.09574468085106383,-1.0,-0.3570249527985192,2024-07-31,2024-08-31
2024-07-18,116705AH7,CA116705AH70,,,0.0,,
2024-07-18,116705AJ3,CA116705AJ37,0.1382488479262673,-1.0,-0.3213224575186672,2024-07-31,2024-08-31
2024-07-18,116705AK0,CA116705AK00,0.0967741935483871,-1.0,-0.3570249527985192,2024-07-31,2024-08-31
2024-07-18,116705AL8,CA116705AL82,,,0.0,,
2024-07-18,116705AM6,CA116705AM65,,,0.0,,
2024-07-18,116705AN4,CA116705AN49,,,0.0,,
2024-07-18,124765AC2,CA124765AC27,,,0.0,,
2024-07-18,124900AC5,CA124900AC56,,,0.0,,
2024-07-18,12517VAA0,CA12517VAA04,0.9491525423728814,1.0,0.3396401421002218,2024-07-31,2024-08-31
2024-07-18,12532HAG9,CA12532HAG98,0.12903225806451613,-1.0,-0.8584415702954572,2024-07-31,2024-08-31
2024-07-18,125491AQ3,CA125491AQ37,,,0.0,,
2024-07-18,126462AD2,CA126462AD27,0.16783216783216784,-1.0,-0.49065800162469525,2024-07-31,2024-08-31
2024-07-18,126462AE0,CA126462AE00,,,0.0,,
2024-07-18,126462AF7,CA126462AF74,,,0.0,,
2024-07-18,126462AG5,CA126462AG57,0.7659574468085106,1.0,0.09735277810013794,2024-07-31,2024-08-31
2024-07-18,126462AH3,CA126462AH31,,,0.0,,
2024-07-18,126462AJ9,CA126462AJ96,,,0.0,,
2024-07-18,12657ZAJ2,CA12657ZAJ27,0.06382978723404255,-1.0,-0.21421497167911147,2024-07-31,2024-08-31
2024-07-18,12657ZAK9,CA12657ZAK99,0.024096385542168676,-1.0,-0.1785124763992596,2024-07-31,2024-08-31
2024-07-18,12657ZAM5,CA12657ZAM55,0.0963855421686747,-1.0,-0.1785124763992596,2024-07-31,2024-08-31
2024-07-18,12657ZAN3,CA12657ZAN39,0.13253012048192772,-1.0,-0.2856199622388153,2024-07-31,2024-08-31
2024-07-18,12657ZAQ6,CA12657ZAQ69,0.060240963855421686,-1.0,-0.07140499055970383,2024-07-31,2024-08-31
2024-07-18,12657ZAS2,CA12657ZAS26,0.10843373493975904,-1.0,-0.03570249527985191,2024-07-31,2024-08-31
2024-07-18,12657ZAU7,CA12657ZAU71,0.1038961038961039,-1.0,-0.10710748583955573,2024-07-31,2024-08-31
2024-07-18,12657ZAW3,CA12657ZAW38,0.11864406779661017,-1.0,-0.3570249527985192,2024-07-31,2024-08-31
2024-07-18,12657ZAX1,CA12657ZAX11,0.1076923076923077,-1.0,-0.10710748583955573,2024-07-31,2024-08-31
2024-07-18,12657ZAY9,CA12657ZAY93,0.11864406779661017,-1.0,-0.3213224575186672,2024-07-31,2024-08-31
2024-07-18,12657ZAZ6,CA12657ZAZ68,0.015384615384615385,-1.0,-0.07140499055970383,2024-07-31,2024-08-31
2024-07-18,12657ZBA0,CA12657ZBA09,0.06493506493506493,-1.0,-0.10710748583955573,2024-07-31,2024-08-31
2024-07-18,12657ZBB8,CA12657ZBB81,0.11864406779661017,-1.0,-0.3927274480783711,2024-07-31,2024-08-31
2024-07-18,12657ZBD4,CA12657ZBD48,0.06153846153846154,-1.0,-0.21421497167911147,2024-07-31,2024-08-31
2024-07-18,12657ZBE2,CA12657ZBE21,0.0847457627118644,-1.0,-0.5712399244776306,2024-07-31,2024-08-31
2024-07-18,12657ZBG7,CA12657ZBG78,0.11688311688311688,-1.0,-0.2856199622388153,2024-07-31,2024-08-31
2024-07-18,12657ZBH5,CA12657ZBH51,0.09230769230769231,-1.0,-0.14280998111940765,2024-07-31,2024-08-31
2024-07-18,12657ZBJ1,CA12657ZBJ18,0.11688311688311688,-1.0,-0.1785124763992596,2024-07-31,2024-08-31
2024-07-18,12657ZBK8,CA12657ZBK80,0.11688311688311688,-1.0,-0.2856199622388153,2024-07-31,2024-08-31
2024-07-18,12657ZBL6,CA12657ZBL63,0.11688311688311688,-1.0,-0.21421497167911147,2024-07-31,2024-08-31
2024-07-18,12657ZBM4,CA12657ZBM47,0.07692307692307693,-1.0,-0.24991746695896339,2024-07-31,2024-08-31
2024-07-18,12657ZBN2,CA12657ZBN20,0.07692307692307693,-1.0,-0.03570249527985191,2024-07-31,2024-08-31
2024-07-18,12657ZBP7,CA12657ZBP77,0.046153846153846156,-1.0,-0.10710748583955573,2024-07-31,2024-08-31
2024-07-18,12657ZBQ5,CA12657ZBQ50,0.09090909090909091,-1.0,-0.14280998111940765,2024-07-31,2024-08-31
2024-07-18,12658MAB7,CA12658MAB78,,,0.0,,
2024-07-18,12658MAC5,CA12658MAC51,0.7622377622377622,1.0,0.20997256506221135,2024-07-31,2024-08-31
2024-07-18,12959CAA7,CA12959CAA77,0.04819277108433735,-1.0,-0.21453363857913,2024-07-31,2024-08-31
2024-07-18,12959CAB5,CA12959CAB50,0.08433734939759036,-1.0,-0.24518130123329143,2024-07-31,2024-08-31
2024-07-18,12959CAC3,CA12959CAC34,0.1016949152542373,-1.0,-0.21453363857913,2024-07-31,2024-08-31
2024-07-18,12959CAD1,CA12959CAD17,0.05194805194805195,-1.0,-0.12259065061664572,2024-07-31,2024-08-31
2024-07-18,12959CAE9,CA12959CAE99,0.03076923076923077,-1.0,-0.15323831327080717,2024-07-31,2024-08-31
2024-07-18,12959CAF6,CA12959CAF64,,,0.0,,
2024-07-18,13321LAJ7,CA13321LAJ76,,,0.0,,
2024-07-18,13321LAL2,CA13321LAL23,,,0.0,,
2024-07-18,13551XAA1,CA13551XAA15,,,0.0,,
2024-07-18,13607GRU0,CA13607GRU09,,,0.0,,
2024-07-18,13607H5C2,CA13607H5C22,0.8461538461538461,1.0,0.9898706638647108,2024-07-31,2024-08-31
2024-07-18,13607HBC5,CA13607HBC57,,,0.0,,
2024-07-18,13607HC34,CA13607HC349,,,0.0,,
2024-07-18,13607HR79,CA13607HR792,,,0.0,,
2024-07-18,13607HRJ3,CA13607HRJ37,0.7762237762237763,1.0,0.5399294530171149,2024-07-31,2024-08-31
2024-07-18,13607HV66,CA13607HV661,0.8251748251748252,1.0,1.0798589060342298,2024-07-31,2024-08-31
2024-07-18,13607HVV1,CA13607HVV19,,,0.0,,
2024-07-18,13607L3Y7,CA13607L3Y79,0.9370629370629371,1.0,0.6899098566329802,2024-07-31,2024-08-31
2024-07-18,13607LGL1,CA13607LGL14,0.8064516129032258,1.0,0.5399294530171149,2024-07-31,2024-08-31
2024-07-18,13607LKJ1,CA13607LKJ12,0.8341013824884793,1.0,0.509933372293942,2024-07-31,2024-08-31
2024-07-18,13607LPY3,CA13607LPY34,0.8601398601398601,1.0,0.7199059373561532,2024-07-31,2024-08-31
2024-07-18,13607LSJ3,CA13607LSJ30,0.7797202797202797,1.0,0.7199059373561532,2024-07-31,2024-08-31
2024-07-18,13607LYA5,CA13607LYA56,0.8755760368663594,1.0,0.7199059373561532,2024-07-31,2024-08-31
2024-07-18,13607PBA1,CA13607PBA18,0.9078341013824884,1.0,0.4499412108475957,2024-07-31,2024-08-31
2024-07-18,136375CF7,CA136375CF77,0.13986013986013987,-1.0,-0.5462809992789271,2024-07-31,2024-08-31
2024-07-18,136375CG5,CA136375CG50,,,0.0,,
2024-07-18,136375CM2,CA136375CM29,,,0.0,,
2024-07-18,136375CQ3,CA136375CQ33,,,0.0,,
2024-07-18,136375CR1,CA136375CR16,,,0.0,,
2024-07-18,136375CS9,CA136375CS98,,,0.0,,
2024-07-18,136375CT7,CA136375CT71,0.8441558441558441,1.0,0.3531647138195486,2024-07-31,2024-08-31
2024-07-18,136375CX8,CA136375CX83,,,0.0,,
2024-07-18,136375DE9,CA136375DE93,,,0.0,,
2024-07-18,136375DF6,CA136375DF68,,,0.0,,
2024-07-18,136375DG4,CA136375DG42,,,0.0,,
2024-07-18,136375DL3,CA136375DL37,,,0.0,,
2024-07-18,136375DM1,CA136375DM10,,,0.0,,
2024-07-18,13638ZDC6,CA13638ZDC64,0.13286713286713286,-1.0,-0.3927274480783711,2024-07-31,2024-08-31
2024-07-18,13638ZDD4,CA13638ZDD48,0.1935483870967742,-1.0,-0.21421497167911147,2024-07-31,2024-08-31
2024-07-18,13638ZDX0,CA13638ZDX02,,,0.0,,
2024-07-18,13644ZAX5,CA13644ZAX56,,,0.0,,
2024-07-18,13645RAZ7,CA13645RAZ79,,,0.0,,
2024-07-18,13645RBA1,CA13645RBA10,,,0.0,,
2024-07-18,13645RBC7,CA13645RBC75,0.17482517482517482,-1.0,-1.7168831405909144,2024-07-31,2024-08-31
2024-07-18,136681AG8,CA136681AG85,,,0.0,,
2024-07-18,13668ZAD0,CA13668ZAD02,,,0.0,,
2024-07-18,13668ZAL2,CA13668ZAL28,0.8305084745762712,1.0,0.2943039281829572,2024-07-31,2024-08-31
2024-07-18,13668ZAN8,CA13668ZAN83,0.948051948051948,1.0,0.11772157127318286,2024-07-31,2024-08-31
2024-07-18,136717BD6,CA136717BD69,0.18461538461538463,-1.0,-0.1785124763992596,2024-07-31,2024-08-31
2024-07-18,136765BN3,CA136765BN35,,,0.0,,
2024-07-18,136765BQ6,CA136765BQ65,,,0.0,,
2024-07-18,136765BU7,CA136765BU77,,,0.0,,
2024-07-18,136765BV5,CA136765BV50,0.8709677419354839,1.0,0.0599921614463461,2024-07-31,2024-08-31
2024-07-18,136765BW3,CA136765BW34,,,0.0,,
2024-07-18,136765BX1,CA136765BX17,0.8940092165898618,1.0,0.02999608072317305,2024-07-31,2024-08-31
2024-07-18,136765BY9,CA136765BY99,,,0.0,,
2024-07-18,140006AA5,CA140006AA57,,,0.0,,
2024-07-18,14046ZAL3,CA14046ZAL37,,,0.0,,
2024-07-18,14046ZAM1,CA14046ZAM10,0.18085106382978725,-1.0,-0.07140499055970383,2024-07-31,2024-08-31
2024-07-18,14046ZAN9,CA14046ZAN92,,,0.0,,
2024-07-18,14046ZAP4,CA14046ZAP41,,,0.0,,
2024-07-18,14046ZAQ2,CA14046ZAQ24,,,0.0,,
2024-07-18,14046ZAR0,CA14046ZAR07,,,0.0,,
2024-07-18,14913LAB6,CA14913LAB68,,,0.0,,
2024-07-18,14913LAC4,CA14913LAC42,,,0.0,,
2024-07-18,15135UAT6,CA15135UAT66,,,0.0,,
2024-07-18,15135UAU3,CA15135UAU30,,,0.0,,
2024-07-18,154728AR0,CA154728AR07,,,0.0,,
2024-07-18,154728AS8,CA154728AS89,,,0.0,,
2024-07-18,154728AT6,CA154728AT62,0.7649769585253456,1.0,0.1799764843390383,2024-07-31,2024-08-31
2024-07-18,154728AU3,CA154728AU36,,,0.0,,
2024-07-18,154728AV1,CA154728AV19,0.916083916083916,1.0,0.1199843228926922,2024-07-31,2024-08-31
2024-07-18,154728AW9,CA154728AW91,0.815668202764977,1.0,0.1199843228926922,2024-07-31,2024-08-31
2024-07-18,16141AAD5,CA16141AAD50,,,0.0,,
2024-07-18,16961RAK9,CA16961RAK91,,,0.0,,
2024-07-18,16961RAM5,CA16961RAM57,0.8085106382978723,1.0,0.1523151909017059,2024-07-31,2024-08-31
2024-07-18,17039AAF3,CA17039AAF36,0.14335664335664336,-1.0,-0.49065800162469525,2024-07-31,2024-08-31
2024-07-18,17039AAN6,CA17039AAN69,,,0.0,,
2024-07-18,17039AAP1,CA17039AAP18,,,0.0,,
2024-07-18,17039AAS5,CA17039AAS56,,,0.0,,
2024-07-18,17039AAT3,CA17039AAT30,0.9333333333333333,1.0,0.09735277810013794,2024-07-31,2024-08-31
2024-07-18,17039AAU0,CA17039AAU03,,,0.0,,
2024-07-18,17039AAV8,CA17039AAV85,,,0.0,,
2024-07-18,17039AAW6,CA17039AAW68,,,0.0,,
2024-07-18,17039AAX4,CA17039AAX42,,,0.0,,
2024-07-18,17039AAY2,CA17039AAY25,,,0.0,,
2024-07-18,17039AAZ9,CA17039AAZ99,,,0.0,,
2024-07-18,18914LAA8,CA18914LAA85,,,0.0,,
2024-07-18,18976JAC4,CA18976JAC41,,,0.0,,
2024-07-18,190330AP5,CA190330AP52,,,0.0,,
2024-07-18,19046FAL6,CA19046FAL63,0.11188811188811189,-1.0,-0.1785124763992596,2024-07-31,2024-08-31
2024-07-18,19046FAM4,CA19046FAM47,0.0967741935483871,-1.0,-0.3213224575186672,2024-07-31,2024-08-31
2024-07-18,19046FAN2,CA19046FAN20,,,0.0,,
2024-07-18,19046FAP7,CA19046FAP77,,,0.0,,
2024-07-18,19046FAQ5,CA19046FAQ50,,,0.0,,
2024-07-18,19046FAR3,CA19046FAR34,,,0.0,,
2024-07-18,19046FAS1,CA19046FAS17,0.7532467532467533,1.0,0.47069978726814793,2024-07-31,2024-08-31
2024-07-18,19046FAT9,CA19046FAT99,,,0.0,,
2024-07-18,19046FAU6,CA19046FAU62,,,0.0,,
2024-07-18,19046FAV4,CA19046FAV46,0.7692307692307693,1.0,0.8629496099916047,2024-07-31,2024-08-31
2024-07-18,19046FAW2,CA19046FAW29,0.8461538461538461,1.0,0.8629496099916047,2024-07-31,2024-08-31
2024-07-18,19239CAA4,CA19239CAA41,,,0.0,,
2024-07-18,19239CAB2,CA19239CAB24,,,0.0,,
2024-07-18,20752XAA3,CA20752XAA33,,,0.0,,
2024-07-18,20752XAB1,CA20752XAB16,0.8,1.0,0.4528535228002958,2024-07-31,2024-08-31
2024-07-18,21053ZAW4,CA21053ZAW47,,,0.0,,
2024-07-18,218493AA2,CA218493AA28,,,0.0,,
2024-07-18,218493AB0,CA218493AB01,,,0.0,,
2024-07-18,227107AN9,CA227107AN97,,,0.0,,
2024-07-18,227107AP4,CA227107AP46,0.8531468531468531,1.0,0.06490185206675864,2024-07-31,2024-08-31
2024-07-18,227107AQ2,CA227107AQ29,,,0.0,,
2024-07-18,227107AR0,CA227107AR02,0.7978723404255319,1.0,0.03245092603337932,2024-07-31,2024-08-31
2024-07-18,227107AS8,CA227107AS84,0.8617021276595744,1.0,0.16225463016689662,2024-07-31,2024-08-31
2024-07-18,227107AT6,CA227107AT67,0.8202764976958525,1.0,0.12980370413351727,2024-07-31,2024-08-31
2024-07-18,227107AU3,CA227107AU31,,,0.0,,
2024-07-18,22766TAA2,CA22766TAA21,0.7796610169491526,1.0,1.4717739491009616,2024-07-31,2024-08-31
2024-07-18,22944CAA4,CA22944CAA41,,,0.0,,
2024-07-18,23384NBS5,CA23384NBS59,,,0.0,,
2024-07-18,233852AE2,CA233852AE28,0.8076923076923077,1.0,0.1799764843390383,2024-07-31,2024-08-31
2024-07-18,233852AF9,CA233852AF92,0.8671328671328671,1.0,0.14998040361586526,2024-07-31,2024-08-31
2024-07-18,233852AG7,CA233852AG75,,,0.0,,
2024-07-18,233852AH5,CA233852AH58,,,0.0,,
2024-07-18,233852AJ1,CA233852AJ15,0.7797202797202797,1.0,0.14998040361586526,2024-07-31,2024-08-31
2024-07-18,233852AK8,CA233852AK87,,,0.0,,
2024-07-18,233852AL6,CA233852AL60,0.8706293706293706,1.0,0.1199843228926922,2024-07-31,2024-08-31
2024-07-18,25675TAK3,CA25675TAK30,,,0.0,,
2024-07-18,25675TAL1,CA25675TAL13,,,0.0,,
2024-07-18,25675TAM9,CA25675TAM95,,,0.0,,
2024-07-18,25675TAN7,CA25675TAN78,0.19230769230769232,-1.0,-0.39020071377066234,2024-07-31,2024-08-31
2024-07-18,25675TAP2,CA25675TAP27,,,0.0,,
2024-07-18,25675TAQ0,CA25675TAQ00,0.7832167832167832,1.0,0.3531647138195486,2024-07-31,2024-08-31
2024-07-18,26153WAC3,CA26153WAC34,,,0.0,,
2024-07-18,26153WAF6,CA26153WAF64,0.9125874125874126,1.0,0.2271564822336552,2024-07-31,2024-08-31
2024-07-18,26153WAG4,CA26153WAG48,0.7517482517482518,1.0,0.16225463016689662,2024-07-31,2024-08-31
2024-07-18,26153WAH2,CA26153WAH21,,,0.0,,
2024-07-18,26153WAJ8,CA26153WAJ86,,,0.0,,
2024-07-18,26154EAA6,CA26154EAA60,0.1888111888111888,-1.0,-0.7359870024370428,2024-07-31,2024-08-31
2024-07-18,26154EAB4,CA26154EAB44,,,0.0,,
2024-07-18,26154EAC2,CA26154EAC27,0.8531468531468531,1.0,0.12980370413351727,2024-07-31,2024-08-31
2024-07-18,26154EAD0,CA26154EAD00,,,0.0,,
2024-07-18,26154EAE8,CA26154EAE82,0.7695852534562212,1.0,0.12980370413351727,2024-07-31,2024-08-31
2024-07-18,26857QAA9,CA26857QAA90,,,0.0,,
2024-07-18,26948ZBL5,CA26948ZBL54,,,0.0,,
2024-07-18,281204AA5,CA281204AA59,,,0.0,,
2024-07-18,281204AB3,CA281204AB33,,,0.0,,
2024-07-18,28903TAA3,CA28903TAA30,0.012048192771084338,-1.0,-0.18388597592496855,2024-07-31,2024-08-31
2024-07-18,28903TAB1,CA28903TAB13,0.7741935483870968,1.0,0.6792802842004436,2024-07-31,2024-08-31
2024-07-18,290876AE1,CA290876AE12,0.055299539170506916,-1.0,-0.33712428919577575,2024-07-31,2024-08-31
2024-07-18,291839AG3,CA291839AG30,,,0.0,,
2024-07-18,291839AH1,CA291839AH13,0.8433179723502304,1.0,0.0599921614463461,2024-07-31,2024-08-31
2024-07-18,29250NAT2,CA29250NAT24,0.9262672811059908,1.0,2.118149042706666,2024-07-31,2024-08-31
2024-07-18,29250NAX3,CA29250NAX36,,,0.0,,
2024-07-18,29250NBJ3,CA29250NBJ33,0.9152542372881356,1.0,1.0198495390809874,2024-07-31,2024-08-31
2024-07-18,29250NBU8,CA29250NBU87,0.9148936170212766,1.0,0.706049680902222,2024-07-31,2024-08-31
2024-07-18,29250NBV6,CA29250NBV60,,,0.0,,
2024-07-18,29250ZAG3,CA29250ZAG33,,,0.0,,
2024-07-18,29250ZAJ7,CA29250ZAJ71,0.7922077922077922,1.0,0.47069978726814793,2024-07-31,2024-08-31
2024-07-18,29250ZAM0,CA29250ZAM01,0.8181818181818182,1.0,0.6275997163575306,2024-07-31,2024-08-31
2024-07-18,29250ZAR9,CA29250ZAR97,0.8923076923076924,1.0,0.47069978726814793,2024-07-31,2024-08-31
2024-07-18,29250ZAT5,CA29250ZAT53,0.06643356643356643,-1.0,-0.3927274480783711,2024-07-31,2024-08-31
2024-07-18,29250ZAU2,CA29250ZAU27,,,0.0,,
2024-07-18,29250ZAV0,CA29250ZAV00,0.11538461538461539,-1.0,-0.14280998111940765,2024-07-31,2024-08-31
2024-07-18,29250ZAW8,CA29250ZAW82,,,0.0,,
2024-07-18,29250ZAX6,CA29250ZAX65,0.14746543778801843,-1.0,-0.42842994335822293,2024-07-31,2024-08-31
2024-07-18,29250ZAY4,CA29250ZAY49,,,0.0,,
2024-07-18,29250ZAZ1,CA29250ZAZ14,0.07446808510638298,-1.0,-0.21421497167911147,2024-07-31,2024-08-31
2024-07-18,29250ZBA5,CA29250ZBA53,,,0.0,,
2024-07-18,29250ZBB3,CA29250ZBB37,,,0.0,,
2024-07-18,29251ZAD9,CA29251ZAD92,,,0.0,,
2024-07-18,29251ZAK3,CA29251ZAK36,0.7951807228915663,1.0,0.47069978726814793,2024-07-31,2024-08-31
2024-07-18,29251ZAQ0,CA29251ZAQ06,,,0.0,,
2024-07-18,29251ZAV9,CA29251ZAV90,0.8311688311688312,1.0,0.6275997163575306,2024-07-31,2024-08-31
2024-07-18,29251ZBB2,CA29251ZBB28,,,0.0,,
2024-07-18,29251ZBG1,CA29251ZBG15,,,0.0,,
2024-07-18,29251ZBH9,CA29251ZBH97,,,0.0,,
2024-07-18,29251ZBK2,CA29251ZBK27,,,0.0,,
2024-07-18,29251ZBR7,CA29251ZBR79,,,0.0,,
2024-07-18,29251ZBS5,CA29251ZBS52,,,0.0,,
2024-07-18,29251ZBU0,CA29251ZBU09,0.1686746987951807,-1.0,-0.6069424197574826,2024-07-31,2024-08-31
2024-07-18,29251ZBV8,CA29251ZBV81,,,0.0,,
2024-07-18,29251ZBW6,CA29251ZBW64,,,0.0,,
2024-07-18,29251ZBX4,CA29251ZBX48,,,0.0,,
2024-07-18,29251ZBY2,CA29251ZBY21,,,0.0,,
2024-07-18,29251ZBZ9,CA29251ZBZ95,,,0.0,,
2024-07-18,29251ZCA3,CA29251ZCA36,,,0.0,,
2024-07-18,29251ZCB1,CA29251ZCB19,,,0.0,,
2024-07-18,29260ZAA4,CA29260ZAA45,0.10138248847926268,-1.0,-0.24991746695896339,2024-07-31,2024-08-31
2024-07-18,29260ZAB2,CA29260ZAB28,,,0.0,,
2024-07-18,29260ZAC0,CA29260ZAC01,,,0.0,,
2024-07-18,29260ZAD8,CA29260ZAD83,,,0.0,,
2024-07-18,29260ZAE6,CA29260ZAE66,,,0.0,,
2024-07-18,29260ZAF3,CA29260ZAF32,,,0.0,,
2024-07-18,29260ZAG1,CA29260ZAG15,,,0.0,,
2024-07-18,29260ZAH9,CA29260ZAH97,,,0.0,,
2024-07-18,29260ZAJ5,CA29260ZAJ53,,,0.0,,
2024-07-18,29260ZAK2,CA29260ZAK27,,,0.0,,
2024-07-18,29260ZAL0,CA29260ZAL00,,,0.0,,
2024-07-18,29279YAA6,CA29279YAA60,0.05244755244755245,-1.0,-0.1785124763992596,2024-07-31,2024-08-31
2024-07-18,29280XAA5,CA29280XAA50,,,0.0,,
2024-07-18,29280XAC1,CA29280XAC17,,,0.0,,
2024-07-18,29280XAD9,CA29280XAD99,,,0.0,,
2024-07-18,29290ZAA8,CA29290ZAA80,,,0.0,,
2024-07-18,29290ZAE0,CA29290ZAE03,,,0.0,,
2024-07-18,29290ZAK6,CA29290ZAK62,,,0.0,,
2024-07-18,29290ZAL4,CA29290ZAL46,,,0.0,,
2024-07-18,29290ZAP5,CA29290ZAP59,,,0.0,,
2024-07-18,29290ZAQ3,CA29290ZAQ33,0.05944055944055944,-1.0,-0.1785124763992596,2024-07-31,2024-08-31
2024-07-18,29290ZAR1,CA29290ZAR16,0.18181818181818182,-1.0,-0.2856199622388153,2024-07-31,2024-08-31
2024-07-18,29290ZAS9,CA29290ZAS98,,,0.0,,
2024-07-18,293365AD4,CA293365AD49,0.009216589861751152,-1.0,-0.18388597592496855,2024-07-31,2024-08-31
2024-07-18,293365AG7,CA293365AG79,0.1152073732718894,-1.0,-0.15323831327080717,2024-07-31,2024-08-31
2024-07-18,294105AC5,CA294105AC50,,,0.0,,
2024-07-18,29410ZAF2,CA29410ZAF23,0.07228915662650602,-1.0,-0.15323831327080717,2024-07-31,2024-08-31
2024-07-18,29410ZAH8,CA29410ZAH88,,,0.0,,
2024-07-18,29410ZAJ4,CA29410ZAJ45,,,0.0,,
2024-07-18,29410ZAK1,CA29410ZAK18,,,0.0,,
2024-07-18,29410ZAL9,CA29410ZAL90,,,0.0,,
2024-07-18,29410ZAM7,CA29410ZAM73,,,0.0,,
2024-07-18,29410ZAP0,CA29410ZAP05,0.15384615384615385,-1.0,-0.15323831327080717,2024-07-31,2024-08-31
2024-07-18,29410ZAQ8,CA29410ZAQ87,0.13846153846153847,-1.0,-0.12259065061664572,2024-07-31,2024-08-31
2024-07-18,29410ZAS4,CA29410ZAS44,,,0.0,,
2024-07-18,29410ZAU9,CA29410ZAU99,0.004608294930875576,-1.0,-0.12259065061664572,2024-07-31,2024-08-31
2024-07-18,29410ZAV7,CA29410ZAV72,0.14285714285714285,-1.0,-0.27582896388745287,2024-07-31,2024-08-31
2024-07-18,29410ZAW5,CA29410ZAW55,,,0.0,,
2024-07-18,29446NAG5,CA29446NAG57,,,0.0,,
2024-07-18,29446NAK6,CA29446NAK69,0.8391608391608392,1.0,0.20997256506221135,2024-07-31,2024-08-31
2024-07-18,29446NAM2,CA29446NAM26,0.9265734265734266,1.0,0.14998040361586526,2024-07-31,2024-08-31
2024-07-18,303901AY8,CA303901AY83,0.8111888111888111,1.0,0.26996472650855746,2024-07-31,2024-08-31
2024-07-18,303901AZ5,CA303901AZ58,0.9335664335664335,1.0,0.3599529686780766,2024-07-31,2024-08-31
2024-07-18,303901BD3,CA303901BD38,0.7741935483870968,1.0,0.2399686457853844,2024-07-31,2024-08-31
2024-07-18,303901BG6,CA303901BG68,,,0.0,,
2024-07-18,31430WF90,CA31430WF908,0.8671328671328671,1.0,0.6599137759098073,2024-07-31,2024-08-31
2024-07-18,31430WFL3,CA31430WFL33,,,0.0,,
2024-07-18,31430WGC2,CA31430WGC25,0.8216783216783217,1.0,0.5699255337402879,2024-07-31,2024-08-31
2024-07-18,31430WHX5,CA31430WHX52,,,0.0,,
2024-07-18,31430WPB4,CA31430WPB41,0.8181818181818182,1.0,0.4799372915707688,2024-07-31,2024-08-31
2024-07-18,31430WRG1,CA31430WRG10,,,0.0,,
2024-07-18,31430WTH7,CA31430WTH74,,,0.0,,
2024-07-18,31430WU44,CA31430WU444,0.9032258064516129,1.0,0.5699255337402879,2024-07-31,2024-08-31
2024-07-18,31430WZM9,CA31430WZM95,0.8706293706293706,1.0,0.2999608072317305,2024-07-31,2024-08-31
2024-07-18,318071AF4,CA318071AF47,,,0.0,,
2024-07-18,318071AG2,CA318071AG20,,,0.0,,
2024-07-18,318071AJ6,CA318071AJ68,,,0.0,,
2024-07-18,31807ZAL6,CA31807ZAL63,,,0.0,,
2024-07-18,31890BAA1,CA31890BAA13,0.9400921658986175,1.0,0.19470555620027588,2024-07-31,2024-08-31
2024-07-18,31890BAB9,CA31890BAB95,0.8829787234042553,1.0,0.16225463016689662,2024-07-31,2024-08-31
2024-07-18,31890BAC7,CA31890BAC78,,,0.0,,
2024-07-18,31943BBW9,CA31943BBW96,,,0.0,,
2024-07-18,31943BBX7,CA31943BBX79,0.7937062937062938,1.0,0.19470555620027588,2024-07-31,2024-08-31
2024-07-18,31943BBZ2,CA31943BBZ28,,,0.0,,
2024-07-18,32117PAA5,CA32117PAA53,,,0.0,,
2024-07-18,33564PAD5,CA33564PAD56,,,0.0,,
2024-07-18,33564PAE3,CA33564PAE30,,,0.0,,
2024-07-18,33564PAF0,CA33564PAF05,,,0.0,,
2024-07-18,33749WAB2,CA33749WAB24,,,0.0,,
2024-07-18,34527ACJ7,CA34527ACJ75,,,0.0,,
2024-07-18,34527ACK4,CA34527ACK49,0.08391608391608392,-1.0,-7.50926274494264,2024-07-31,2024-08-31
2024-07-18,34527ACL2,CA34527ACL22,,,0.0,,
2024-07-18,34527ACM0,CA34527ACM05,,,0.0,,
2024-07-18,34527ACN8,CA34527ACN87,,,0.0,,
2024-07-18,34527ACP3,CA34527ACP36,0.7926267281105991,1.0,0.20997256506221135,2024-07-31,2024-08-31
2024-07-18,34527ACS7,CA34527ACS74,0.776595744680851,1.0,0.26996472650855746,2024-07-31,2024-08-31
2024-07-18,34527ACT5,CA34527ACT57,0.8294930875576036,1.0,0.4199451301244227,2024-07-31,2024-08-31
2024-07-18,34527ACW8,CA34527ACW86,0.7657342657342657,1.0,0.3599529686780766,2024-07-31,2024-08-31
2024-07-18,34527ACX6,CA34527ACX69,0.9361702127659575,1.0,0.1199843228926922,2024-07-31,2024-08-31
2024-07-18,34527ACY4,CA34527ACY43,,,0.0,,
2024-07-18,349553AP2,CA349553AP21,0.04895104895104895,-1.0,-0.30647662654161434,2024-07-31,2024-08-31
2024-07-18,349553AQ0,CA349553AQ04,0.03686635944700461,-1.0,-0.30647662654161434,2024-07-31,2024-08-31
2024-07-18,349553AR8,CA349553AR86,0.0851063829787234,-1.0,-0.27582896388745287,2024-07-31,2024-08-31
2024-07-18,34957EAB7,CA34957EAB70,,,0.0,,
2024-07-18,34957EAD3,CA34957EAD37,,,0.0,,
2024-07-18,34957UAB1,CA34957UAB13,,,0.0,,
2024-07-18,34957ZAA2,CA34957ZAA27,,,0.0,,
2024-07-18,34957ZAB0,CA34957ZAB00,,,0.0,,
2024-07-18,34957ZAL8,CA34957ZAL81,,,0.0,,
2024-07-18,34957ZAN4,CA34957ZAN48,,,0.0,,
2024-07-18,34957ZAP9,CA34957ZAP95,,,0.0,,
2024-07-18,34957ZAQ7,CA34957ZAQ78,,,0.0,,
2024-07-18,34957ZAR5,CA34957ZAR51,,,0.0,,
2024-07-18,34957ZAU8,CA34957ZAU80,,,0.0,,
2024-07-18,34957ZAV6,CA34957ZAV63,,,0.0,,
2024-07-18,34957ZAW4,CA34957ZAW47,,,0.0,,
2024-07-18,34957ZAX2,CA34957ZAX20,,,0.0,,
2024-07-18,34957ZAY0,CA34957ZAY03,,,0.0,,
2024-07-18,34957ZAZ7,CA34957ZAZ77,,,0.0,,
2024-07-18,34957ZBA1,CA34957ZBA18,,,0.0,,
2024-07-18,34958ZAA1,CA34958ZAA18,,,0.0,,
2024-07-18,34958ZAB9,CA34958ZAB90,,,0.0,,
2024-07-18,34958ZAC7,CA34958ZAC73,,,0.0,,
2024-07-18,34959ZAA0,CA34959ZAA09,0.13559322033898305,-1.0,-0.07140499055970383,2024-07-31,2024-08-31
2024-07-18,34959ZAC6,CA34959ZAC64,0.027972027972027972,-1.0,-0.10710748583955573,2024-07-31,2024-08-31
2024-07-18,34959ZAE2,CA34959ZAE21,0.18181818181818182,-1.0,-0.1785124763992596,2024-07-31,2024-08-31
2024-07-18,34959ZAF9,CA34959ZAF95,0.18181818181818182,-1.0,-0.10710748583955573,2024-07-31,2024-08-31
2024-07-18,34959ZAG7,CA34959ZAG78,0.18181818181818182,-1.0,-0.0,2024-07-31,2024-08-31
2024-07-18,34959ZAH5,CA34959ZAH51,0.16883116883116883,-1.0,-0.10710748583955573,2024-07-31,2024-08-31
2024-07-18,34959ZAJ1,CA34959ZAJ18,0.15584415584415584,-1.0,-0.07140499055970383,2024-07-31,2024-08-31
2024-07-18,34959ZAK8,CA34959ZAK80,0.12307692307692308,-1.0,-0.10710748583955573,2024-07-31,2024-08-31
2024-07-18,34959ZAL6,CA34959ZAL63,0.09216589861751152,-1.0,-0.10710748583955573,2024-07-31,2024-08-31
2024-07-18,34959ZAM4,CA34959ZAM47,0.15584415584415584,-1.0,-0.10710748583955573,2024-07-31,2024-08-31
2024-07-18,35085ZAD8,CA35085ZAD83,,,0.0,,
2024-07-18,35085ZAM8,CA35085ZAM82,,,0.0,,
2024-07-18,35085ZBE5,CA35085ZBE57,,,0.0,,
2024-07-18,35085ZBF2,CA35085ZBF23,,,0.0,,
2024-07-18,35085ZBG0,CA35085ZBG06,,,0.0,,
2024-07-18,35085ZBH8,CA35085ZBH88,,,0.0,,
2024-07-18,35085ZBK1,CA35085ZBK18,,,0.0,,
2024-07-18,35085ZBL9,CA35085ZBL90,,,0.0,,
2024-07-18,35085ZBM7,CA35085ZBM73,,,0.0,,
2024-07-18,35085ZBN5,CA35085ZBN56,0.03146853146853147,-1.0,-0.24518130123329143,2024-07-31,2024-08-31
2024-07-18,35085ZBP0,CA35085ZBP05,0.05319148936170213,-1.0,-0.18388597592496855,2024-07-31,2024-08-31
2024-07-18,35085ZBQ8,CA35085ZBQ87,,,0.0,,
2024-07-18,35085ZBS4,CA35085ZBS44,,,0.0,,
2024-07-18,35085ZBT2,CA35085ZBT27,0.03225806451612903,-1.0,-0.15323831327080717,2024-07-31,2024-08-31
2024-07-18,35085ZBU9,CA35085ZBU99,,,0.0,,
2024-07-18,35085ZBV7,CA35085ZBV72,,,0.0,,
2024-07-18,35085ZBX3,CA35085ZBX39,0.18433179723502305,-1.0,-0.24518130123329143,2024-07-31,2024-08-31
2024-07-18,35085ZBY1,CA35085ZBY12,,,0.0,,
2024-07-18,35085ZBZ8,CA35085ZBZ86,,,0.0,,
2024-07-18,35085ZCA2,CA35085ZCA27,,,0.0,,
2024-07-18,35085ZCB0,CA35085ZCB00,0.12987012987012986,-1.0,-0.12259065061664572,2024-07-31,2024-08-31
2024-07-18,350863AB2,CA350863AB20,0.11981566820276497,-1.0,-0.24518130123329143,2024-07-31,2024-08-31
2024-07-18,35086RAA1,CA35086RAA10,,,0.0,,
2024-07-18,368271AU6,CA368271AU66,,,0.0,,
2024-07-18,368271AX0,CA368271AX06,,,0.0,,
2024-07-18,368271AY8,CA368271AY88,,,0.0,,
2024-07-18,368271BB7,CA368271BB76,,,0.0,,
2024-07-18,37045YAG9,CA37045YAG94,,,0.0,,
2024-07-18,37045YAJ3,CA37045YAJ34,,,0.0,,
2024-07-18,37045YAK0,CA37045YAK07,,,0.0,,
2024-07-18,37045YAL8,CA37045YAL89,,,0.0,,
2024-07-18,37045YAM6,CA37045YAM62,,,0.0,,
2024-07-18,37252BAD4,CA37252BAD43,,,0.0,,
2024-07-18,37482ZAA9,CA37482ZAA99,,,0.0,,
2024-07-18,37482ZAC5,CA37482ZAC55,,,0.0,,
2024-07-18,37482ZAD3,CA37482ZAD39,,,0.0,,
2024-07-18,37482ZAE1,CA37482ZAE12,0.06666666666666667,-1.0,-0.07140499055970383,2024-07-31,2024-08-31
2024-07-18,37482ZAF8,CA37482ZAF86,0.14457831325301204,-1.0,-0.2856199622388153,2024-07-31,2024-08-31
2024-07-18,386435AA9,CA386435AA99,,,0.0,,
2024-07-18,387427AH0,CA387427AH09,,,0.0,,
2024-07-18,387427AK3,CA387427AK38,,,0.0,,
2024-07-18,387427AL1,CA387427AL11,,,0.0,,
2024-07-18,387427AM9,CA387427AM93,0.7880184331797235,1.0,0.2920583343004139,2024-07-31,2024-08-31
2024-07-18,39138CAB2,CA39138CAB24,0.8571428571428571,1.0,0.20997256506221135,2024-07-31,2024-08-31
2024-07-18,39138CAD8,CA39138CAD89,,,0.0,,
2024-07-18,39138CAF3,CA39138CAF38,0.7966101694915254,1.0,0.2399686457853844,2024-07-31,2024-08-31
2024-07-18,39138CAH9,CA39138CAH93,,,0.0,,
2024-07-18,39138CAJ5,CA39138CAJ59,0.8615384615384616,1.0,0.2399686457853844,2024-07-31,2024-08-31
2024-07-18,39138CAK2,CA39138CAK23,,,0.0,,
2024-07-18,39138CAL0,CA39138CAL06,,,0.0,,
2024-07-18,391906AC8,CA391906AC89,,,0.0,,
2024-07-18,391906AG9,CA391906AG93,,,0.0,,
2024-07-18,391906AH7,CA391906AH76,0.045454545454545456,-1.0,-0.30647662654161434,2024-07-31,2024-08-31
2024-07-18,391906AJ3,CA391906AJ33,0.19480519480519481,-1.0,-0.15323831327080717,2024-07-31,2024-08-31
2024-07-18,39191ZAA7,CA39191ZAA71,,,0.0,,
2024-07-18,39191ZAC3,CA39191ZAC38,,,0.0,,
2024-07-18,39191ZAF6,CA39191ZAF68,0.1702127659574468,-1.0,-0.21453363857913,2024-07-31,2024-08-31
2024-07-18,39191ZAJ8,CA39191ZAJ80,,,0.0,,
2024-07-18,39191ZAW9,CA39191ZAW91,,,0.0,,
2024-07-18,39191ZAX7,CA39191ZAX74,,,0.0,,
2024-07-18,39191ZAY5,CA39191ZAY57,,,0.0,,
2024-07-18,39191ZBB4,CA39191ZBB46,,,0.0,,
2024-07-18,39191ZBC2,CA39191ZBC29,0.06293706293706294,-1.0,-0.30647662654161434,2024-07-31,2024-08-31
2024-07-18,39191ZBD0,CA39191ZBD02,0.1694915254237288,-1.0,-0.3677719518499371,2024-07-31,2024-08-31
2024-07-18,403925BC3,CA403925BC39,0.8916083916083916,1.0,0.12980370413351727,2024-07-31,2024-08-31
2024-07-18,403925BD1,CA403925BD12,0.8202764976958525,1.0,0.19470555620027588,2024-07-31,2024-08-31
2024-07-18,403925BE9,CA403925BE94,0.9447004608294931,1.0,0.12980370413351727,2024-07-31,2024-08-31
2024-07-18,40416RAB0,CA40416RAB02,0.9230769230769231,1.0,0.19470555620027588,2024-07-31,2024-08-31
2024-07-18,40427HTM5,CA40427HTM56,,,0.0,,
2024-07-18,405819AA1,CA405819AA10,0.8571428571428571,1.0,0.3396401421002218,2024-07-31,2024-08-31
2024-07-18,405819AB9,CA405819AB92,0.7538461538461538,1.0,0.5660669035003698,2024-07-31,2024-08-31
2024-07-18,42225GAA3,CA42225GAA37,,,0.0,,
2024-07-18,437376AF3,CA437376AF39,,,0.0,,
2024-07-18,43739CAA9,CA43739CAA95,,,0.0,,
2024-07-18,43739CAB7,CA43739CAB78,,,0.0,,
2024-07-18,438121AX3,CA438121AX33,,,0.0,,
2024-07-18,438121AZ8,CA438121AZ80,,,0.0,,
2024-07-18,438121BA2,CA438121BA21,,,0.0,,
2024-07-18,438121BD6,CA438121BD69,,,0.0,,
2024-07-18,438121BE4,CA438121BE43,,,0.0,,
2024-07-18,438121BH7,CA438121BH73,,,0.0,,
2024-07-18,438121BK0,CA438121BK03,,,0.0,,
2024-07-18,44107EAA7,CA44107EAA79,,,0.0,,
2024-07-18,44810ZAB6,CA44810ZAB63,,,0.0,,
2024-07-18,44810ZAD2,CA44810ZAD20,,,0.0,,
2024-07-18,44810ZAP5,CA44810ZAP59,,,0.0,,
2024-07-18,44810ZAR1,CA44810ZAR16,,,0.0,,
2024-07-18,44810ZAS9,CA44810ZAS98,,,0.0,,
2024-07-18,44810ZAX8,CA44810ZAX83,,,0.0,,
2024-07-18,44810ZAY6,CA44810ZAY66,,,0.0,,
2024-07-18,44810ZBD1,CA44810ZBD11,,,0.0,,
2024-07-18,44810ZBE9,CA44810ZBE93,,,0.0,,
2024-07-18,44810ZBG4,CA44810ZBG42,,,0.0,,
2024-07-18,44810ZBK5,CA44810ZBK53,,,0.0,,
2024-07-18,44810ZBN9,CA44810ZBN92,,,0.0,,
2024-07-18,44810ZBR0,CA44810ZBR07,0.017482517482517484,-1.0,-0.33712428919577575,2024-07-31,2024-08-31
2024-07-18,44810ZBS8,CA44810ZBS89,,,0.0,,
2024-07-18,44810ZBU3,CA44810ZBU36,,,0.0,,
2024-07-18,44810ZBX7,CA44810ZBX74,,,0.0,,
2024-07-18,44810ZBZ2,CA44810ZBZ23,0.12237762237762238,-1.0,-0.33712428919577575,2024-07-31,2024-08-31
2024-07-18,44810ZCA6,CA44810ZCA62,,,0.0,,
2024-07-18,44810ZCC2,CA44810ZCC29,0.05069124423963134,-1.0,-0.24518130123329143,2024-07-31,2024-08-31
2024-07-18,44810ZCD0,CA44810ZCD02,,,0.0,,
2024-07-18,44810ZCF5,CA44810ZCF59,0.041474654377880185,-1.0,-0.21453363857913,2024-07-31,2024-08-31
2024-07-18,44810ZCG3,CA44810ZCG33,0.07834101382488479,-1.0,-0.21453363857913,2024-07-31,2024-08-31
2024-07-18,44810ZCH1,CA44810ZCH16,,,0.0,,
2024-07-18,44810ZCJ7,CA44810ZCJ71,0.07342657342657342,-1.0,-0.3677719518499371,2024-07-31,2024-08-31
2024-07-18,44810ZCK4,CA44810ZCK45,0.15034965034965034,-1.0,-0.24518130123329143,2024-07-31,2024-08-31
2024-07-18,44810ZCL2,CA44810ZCL28,0.12442396313364056,-1.0,-0.27582896388745287,2024-07-31,2024-08-31
2024-07-18,44810ZCM0,CA44810ZCM01,,,0.0,,
2024-07-18,44810ZCQ1,CA44810ZCQ15,,,0.0,,
2024-07-18,44810ZCR9,CA44810ZCR97,0.05319148936170213,-1.0,-0.18388597592496855,2024-07-31,2024-08-31
2024-07-18,448810AC5,CA448810AC58,,,0.0,,
2024-07-18,448811AC3,CA448811AC32,0.0034965034965034965,-1.0,-0.21453363857913,2024-07-31,2024-08-31
2024-07-18,44882CAC8,CA44882CAC88,0.8961038961038961,1.0,0.11321338070007395,2024-07-31,2024-08-31
2024-07-18,44882CAE4,CA44882CAE45,0.7662337662337663,1.0,0.3396401421002218,2024-07-31,2024-08-31
2024-07-18,44932WAA8,CA44932WAA86,,,0.0,,
2024-07-18,44932WAB6,CA44932WAB69,,,0.0,,
2024-07-18,44932WAD2,CA44932WAD26,0.8636363636363636,1.0,0.2999608072317305,2024-07-31,2024-08-31
2024-07-18,44932WAE0,CA44932WAE09,,,0.0,,
2024-07-18,44932WAF7,CA44932WAF73,,,0.0,,
2024-07-18,449586AB2,CA449586AB26,0.8983050847457628,1.0,0.1199843228926922,2024-07-31,2024-08-31
2024-07-18,449586AC0,CA449586AC09,,,0.0,,
2024-07-18,449586AD8,CA449586AD81,,,0.0,,
2024-07-18,449586AE6,CA449586AE64,,,0.0,,
2024-07-18,449586AF3,CA449586AF30,,,0.0,,
2024-07-18,449586AH9,CA449586AH95,,,0.0,,
2024-07-18,449586AK2,CA449586AK25,0.9230769230769231,1.0,0.1799764843390383,2024-07-31,2024-08-31
2024-07-18,45075EAA2,CA45075EAA25,0.8986013986013986,1.0,0.26996472650855746,2024-07-31,2024-08-31
2024-07-18,45075EAC8,CA45075EAC80,0.9090909090909091,1.0,0.1799764843390383,2024-07-31,2024-08-31
2024-07-18,45075EAE4,CA45075EAE47,,,0.0,,
2024-07-18,454015AA6,CA454015AA69,,,0.0,,
2024-07-18,45823TAB2,CA45823TAB22,,,0.0,,
2024-07-18,45823TAC0,CA45823TAC05,,,0.0,,
2024-07-18,45823TAD8,CA45823TAD87,,,0.0,,
2024-07-18,45823TAE6,CA45823TAE60,,,0.0,,
2024-07-18,45823TAF3,CA45823TAF36,,,0.0,,
2024-07-18,45823TAN6,CA45823TAN69,,,0.0,,
2024-07-18,45823TAP1,CA45823TAP18,,,0.0,,
2024-07-18,45823ZAB8,CA45823ZAB81,,,0.0,,
2024-07-18,45823ZAD4,CA45823ZAD48,,,0.0,,
2024-07-18,45823ZAE2,CA45823ZAE21,,,0.0,,
2024-07-18,45823ZAF9,CA45823ZAF95,,,0.0,,
2024-07-18,45824RAA7,CA45824RAA73,,,0.0,,
2024-07-18,45833VAC3,CA45833VAC33,0.8554216867469879,1.0,0.9413995745362959,2024-07-31,2024-08-31
2024-07-18,45833VAD1,CA45833VAD16,,,0.0,,
2024-07-18,45833VAE9,CA45833VAE98,0.9036144578313253,1.0,0.7844996454469134,2024-07-31,2024-08-31
2024-07-18,45833VAF6,CA45833VAF63,,,0.0,,
2024-07-18,45833VAG4,CA45833VAG47,0.9397590361445783,1.0,0.9413995745362959,2024-07-31,2024-08-31
2024-07-18,45833VAH2,CA45833VAH20,0.8297872340425532,1.0,1.1767494681703699,2024-07-31,2024-08-31
2024-07-18,45833VAJ8,CA45833VAJ85,,,0.0,,
2024-07-18,45834ZAE9,CA45834ZAE93,,,0.0,,
2024-07-18,45834ZAP4,CA45834ZAP41,,,0.0,,
2024-07-18,45834ZAR0,CA45834ZAR07,,,0.0,,
2024-07-18,46152HAB7,CA46152HAB74,,,0.0,,
2024-07-18,46152HAD3,CA46152HAD31,0.9170506912442397,1.0,0.1199843228926922,2024-07-31,2024-08-31
2024-07-18,46152HAE1,CA46152HAE14,0.8936170212765957,1.0,0.08998824216951914,2024-07-31,2024-08-31
2024-07-18,46152HAG6,CA46152HAG61,0.8936170212765957,1.0,0.14998040361586526,2024-07-31,2024-08-31
2024-07-18,46578WAC8,CA46578WAC88,,,0.0,,
2024-07-18,47788ZAF8,CA47788ZAF86,,,0.0,,
2024-07-18,47788ZAH4,CA47788ZAH43,,,0.0,,
2024-07-18,47788ZAJ0,CA47788ZAJ09,,,0.0,,
2024-07-18,47788ZAM3,CA47788ZAM38,,,0.0,,
2024-07-18,47788ZAN1,CA47788ZAN11,,,0.0,,
2024-07-18,47788ZAP6,CA47788ZAP68,0.7552447552447552,1.0,0.3899490494012497,2024-07-31,2024-08-31
2024-07-18,47788ZAQ4,CA47788ZAQ42,,,0.0,,
2024-07-18,47788ZAR2,CA47788ZAR25,,,0.0,,
2024-07-18,47788ZAS0,CA47788ZAS08,,,0.0,,
2024-07-18,49327ZAA3,CA49327ZAA36,,,0.0,,
2024-07-18,49327ZAB1,CA49327ZAB19,,,0.0,,
2024-07-18,49327ZAC9,CA49327ZAC91,,,0.0,,
2024-07-18,49327ZAD7,CA49327ZAD74,,,0.0,,
2024-07-18,496676AA5,CA496676AA52,0.1935483870967742,-1.0,-0.10710748583955573,2024-07-31,2024-08-31
2024-07-18,51925DCA2,CA51925DCA24,0.038461538461538464,-1.0,-4.69328921558915,2024-07-31,2024-08-31
2024-07-18,51925DCD6,CA51925DCD62,,,0.0,,
2024-07-18,51925DCE4,CA51925DCE46,,,0.0,,
2024-07-18,531544AA2,CA531544AA23,,,0.0,,
2024-07-18,53947ZAD9,CA53947ZAD92,,,0.0,,
2024-07-18,53947ZAF4,CA53947ZAF41,,,0.0,,
2024-07-18,53947ZAH0,CA53947ZAH07,0.7627118644067796,1.0,0.11772157127318286,2024-07-31,2024-08-31
2024-07-18,53947ZAS6,CA53947ZAS61,,,0.0,,
2024-07-18,53947ZAT4,CA53947ZAT45,,,0.0,,
2024-07-18,53947ZAU1,CA53947ZAU18,0.7710843373493976,1.0,0.2943039281829572,2024-07-31,2024-08-31
2024-07-18,53947ZAX5,CA53947ZAX56,0.7710843373493976,1.0,0.41202549945614003,2024-07-31,2024-08-31
2024-07-18,53947ZAY3,CA53947ZAY30,0.8072289156626506,1.0,0.3531647138195486,2024-07-31,2024-08-31
2024-07-18,539481AM3,CA539481AM35,,,0.0,,
2024-07-18,539481AN1,CA539481AN18,0.16129032258064516,-1.0,-0.46824085652479475,2024-07-31,2024-08-31
2024-07-18,539481AP6,CA539481AP65,0.19148936170212766,-1.0,-0.31216057101652983,2024-07-31,2024-08-31
2024-07-18,539481AQ4,CA539481AQ49,,,0.0,,
2024-07-18,539481AR2,CA539481AR22,,,0.0,,
2024-07-18,548243AB0,CA548243AB04,0.06779661016949153,-1.0,-0.12259065061664572,2024-07-31,2024-08-31
2024-07-18,548243AC8,CA548243AC86,0.012987012987012988,-1.0,-0.12259065061664572,2024-07-31,2024-08-31
2024-07-18,548243AE4,CA548243AE43,0.03389830508474576,-1.0,-0.18388597592496855,2024-07-31,2024-08-31
2024-07-18,548243AF1,CA548243AF18,0.01694915254237288,-1.0,-0.12259065061664572,2024-07-31,2024-08-31
2024-07-18,548243AH7,CA548243AH73,0.02097902097902098,-1.0,-0.12259065061664572,2024-07-31,2024-08-31
2024-07-18,548243AJ3,CA548243AJ30,0.013824884792626729,-1.0,-0.21453363857913,2024-07-31,2024-08-31
2024-07-18,548243AL8,CA548243AL85,0.027649769585253458,-1.0,-0.15323831327080717,2024-07-31,2024-08-31
2024-07-18,548243AM6,CA548243AM68,0.07792207792207792,-1.0,-0.06129532530832286,2024-07-31,2024-08-31
2024-07-18,55279QAD2,CA55279QAD21,,,0.0,,
2024-07-18,55279QAE0,CA55279QAE04,,,0.0,,
2024-07-18,559222AW4,CA559222AW43,,,0.0,,
2024-07-18,559222BB9,CA559222BB96,,,0.0,,
2024-07-18,565018DF2,CA565018DF20,,,0.0,,
2024-07-18,565018DG0,CA565018DG03,,,0.0,,
2024-07-18,565018DH8,CA565018DH85,0.7867132867132867,1.0,0.26996472650855746,2024-07-31,2024-08-31
2024-07-18,565018DJ4,CA565018DJ42,,,0.0,,
2024-07-18,56501RAJ5,CA56501RAJ55,,,0.0,,
2024-07-18,56501RAQ9,CA56501RAQ98,,,0.0,,
2024-07-18,56501RAS5,CA56501RAS54,,,0.0,,
2024-07-18,56502FAA9,CA56502FAA99,,,0.0,,
2024-07-18,58769CAA0,CA58769CAA05,,,0.0,,
2024-07-18,58769CAB8,CA58769CAB87,0.8776223776223776,1.0,0.1199843228926922,2024-07-31,2024-08-31
2024-07-18,58769CAC6,CA58769CAC60,,,0.0,,
2024-07-18,58769CAD4,CA58769CAD44,,,0.0,,
2024-07-18,59162NAB5,CA59162NAB51,,,0.0,,
2024-07-18,59162NAF6,CA59162NAF65,0.10839160839160839,-1.0,-0.7023612847871922,2024-07-31,2024-08-31
2024-07-18,59162NAG4,CA59162NAG49,,,0.0,,
2024-07-18,59162NAJ8,CA59162NAJ87,,,0.0,,
2024-07-18,59162NAL3,CA59162NAL34,0.031914893617021274,-1.0,-0.5462809992789271,2024-07-31,2024-08-31
2024-07-18,59162ZAB8,CA59162ZAB81,0.1927710843373494,-1.0,-0.5462809992789271,2024-07-31,2024-08-31
2024-07-18,615009AA5,CA615009AA55,,,0.0,,
2024-07-18,627912AB4,CA627912AB48,0.8525345622119815,1.0,0.14998040361586526,2024-07-31,2024-08-31
2024-07-18,628957AC6,CA628957AC66,,,0.0,,
2024-07-18,628957AE2,CA628957AE23,,,0.0,,
2024-07-18,628957AG7,CA628957AG70,0.059907834101382486,-1.0,-0.12259065061664572,2024-07-31,2024-08-31
2024-07-18,628957AH5,CA628957AH53,,,0.0,,
2024-07-18,628957AJ1,CA628957AJ10,0.01048951048951049,-1.0,-0.12259065061664572,2024-07-31,2024-08-31
2024-07-18,62895ZAN0,CA62895ZAN02,,,0.0,,
2024-07-18,62895ZAP5,CA62895ZAP59,0.1864406779661017,-1.0,-0.15323831327080717,2024-07-31,2024-08-31
2024-07-18,62895ZAQ3,CA62895ZAQ33,,,0.0,,
2024-07-18,62956JAB8,CA62956JAB85,,,0.0,,
2024-07-18,63306AGJ9,CA63306AGJ93,,,0.0,,
2024-07-18,63306AGT7,CA63306AGT75,,,0.0,,
2024-07-18,63306AHB5,CA63306AHB58,,,0.0,,
2024-07-18,63306AHF6,CA63306AHF62,0.7511520737327189,1.0,0.4499412108475957,2024-07-31,2024-08-31
2024-07-18,63306AHK5,CA63306AHK57,,,0.0,,
2024-07-18,63306AHP4,CA63306AHP45,,,0.0,,
2024-07-18,63306AHT6,CA63306AHT66,,,0.0,,
2024-07-18,63306AHU3,CA63306AHU30,,,0.0,,
2024-07-18,63306AHX7,CA63306AHX78,,,0.0,,
2024-07-18,63309ZNM6,CA63309ZNM63,0.847926267281106,1.0,0.32995688795490363,2024-07-31,2024-08-31
2024-07-18,65479EAB0,CA65479EAB08,,,0.0,,
2024-07-18,663307AB2,CA663307AB20,0.7792207792207793,1.0,1.1767494681703699,2024-07-31,2024-08-31
2024-07-18,663307AD8,CA663307AD85,0.8051948051948052,1.0,0.6275997163575306,2024-07-31,2024-08-31
2024-07-18,663307AE6,CA663307AE68,0.05944055944055944,-1.0,-0.3570249527985192,2024-07-31,2024-08-31
2024-07-18,663307AF3,CA663307AF34,0.17511520737327188,-1.0,-0.2856199622388153,2024-07-31,2024-08-31
2024-07-18,663307AG1,CA663307AG17,,,0.0,,
2024-07-18,663307AJ5,CA663307AJ55,,,0.0,,
2024-07-18,663307AK2,CA663307AK29,,,0.0,,
2024-07-18,663307AL0,CA663307AL02,,,0.0,,
2024-07-18,663307AM8,CA663307AM84,,,0.0,,
2024-07-18,663307AP1,CA663307AP16,0.16433566433566432,-1.0,-0.3570249527985192,2024-07-31,2024-08-31
2024-07-18,663307AQ9,CA663307AQ98,,,0.0,,
2024-07-18,663307AR7,CA663307AR71,,,0.0,,
2024-07-18,663307AS5,CA663307AS54,,,0.0,,
2024-07-18,663307AT3,CA663307AT38,,,0.0,,
2024-07-18,667869AA9,CA667869AA97,0.8192771084337349,1.0,0.9057070456005916,2024-07-31,2024-08-31
2024-07-18,66980CAA6,CA66980CAA68,,,0.0,,
2024-07-18,66980CAB4,CA66980CAB42,,,0.0,,
2024-07-18,66980CAC2,CA66980CAC25,,,0.0,,
2024-07-18,66980CAD0,CA66980CAD08,,,0.0,,
2024-07-18,669816AE0,CA669816AE02,0.0967741935483871,-1.0,-0.12259065061664572,2024-07-31,2024-08-31
2024-07-18,669816AF7,CA669816AF76,0.010638297872340425,-1.0,-0.21453363857913,2024-07-31,2024-08-31
2024-07-18,669816AG5,CA669816AG59,0.06451612903225806,-1.0,-0.15323831327080717,2024-07-31,2024-08-31
2024-07-18,66988ZAU3,CA66988ZAU36,,,0.0,,
2024-07-18,66988ZAY5,CA66988ZAY57,,,0.0,,
2024-07-18,66988ZAZ2,CA66988ZAZ23,,,0.0,,
2024-07-18,66988ZBB4,CA66988ZBB46,,,0.0,,
2024-07-18,66988ZBC2,CA66988ZBC29,,,0.0,,
2024-07-18,66988ZBD0,CA66988ZBD02,,,0.0,,
2024-07-18,66988ZBE8,CA66988ZBE84,0.03225806451612903,-1.0,-0.12259065061664572,2024-07-31,2024-08-31
2024-07-18,68214WAQ1,CA68214WAQ11,,,0.0,,
2024-07-18,68214WAS7,CA68214WAS76,,,0.0,,
2024-07-18,68214WAU2,CA68214WAU23,,,0.0,,
2024-07-18,68214WAV0,CA68214WAV06,0.15207373271889402,-1.0,-0.8586515028432167,2024-07-31,2024-08-31
2024-07-18,68214WAW8,CA68214WAW88,,,0.0,,
2024-07-18,68321ZAA9,CA68321ZAA99,0.14685314685314685,-1.0,-0.3213224575186672,2024-07-31,2024-08-31
2024-07-18,68321ZAB7,CA68321ZAB72,0.2,-1.0,-0.2856199622388153,2024-07-31,2024-08-31
2024-07-18,68321ZAC5,CA68321ZAC55,0.16923076923076924,-1.0,-0.3570249527985192,2024-07-31,2024-08-31
2024-07-18,68321ZAD3,CA68321ZAD39,0.06912442396313365,-1.0,-0.3570249527985192,2024-07-31,2024-08-31
2024-07-18,68321ZAE1,CA68321ZAE12,0.2,-1.0,-0.21421497167911147,2024-07-31,2024-08-31
2024-07-18,68321ZAG6,CA68321ZAG69,0.10599078341013825,-1.0,-0.3927274480783711,2024-07-31,2024-08-31
2024-07-18,68321ZAH4,CA68321ZAH43,0.1048951048951049,-1.0,-0.3570249527985192,2024-07-31,2024-08-31
2024-07-18,68321ZAJ0,CA68321ZAJ09,,,0.0,,
2024-07-18,68321ZAK7,CA68321ZAK71,0.1889400921658986,-1.0,-0.24991746695896339,2024-07-31,2024-08-31
2024-07-18,68321ZAL5,CA68321ZAL54,0.11702127659574468,-1.0,-0.21421497167911147,2024-07-31,2024-08-31
2024-07-18,68321ZAM3,CA68321ZAM38,,,0.0,,
2024-07-18,689561AD0,CA689561AD08,,,0.0,,
2024-07-18,689561AE8,CA689561AE80,,,0.0,,
2024-07-18,69370UAA8,CA69370UAA84,,,0.0,,
2024-07-18,70632ZAC5,CA70632ZAC55,0.8769230769230769,1.0,0.706049680902222,2024-07-31,2024-08-31
2024-07-18,70632ZAD3,CA70632ZAD39,0.8769230769230769,1.0,0.706049680902222,2024-07-31,2024-08-31
2024-07-18,70632ZAF8,CA70632ZAF86,,,0.0,,
2024-07-18,70632ZAG6,CA70632ZAG69,0.1958041958041958,-1.0,-0.3570249527985192,2024-07-31,2024-08-31
2024-07-18,70632ZAJ0,CA70632ZAJ09,0.8387096774193549,1.0,0.7844996454469134,2024-07-31,2024-08-31
2024-07-18,70632ZAK7,CA70632ZAK71,,,0.0,,
2024-07-18,70632ZAL5,CA70632ZAL54,0.8064516129032258,1.0,1.0198495390809874,2024-07-31,2024-08-31
2024-07-18,70632ZAM3,CA70632ZAM38,,,0.0,,
2024-07-18,70632ZAN1,CA70632ZAN11,0.9032258064516129,1.0,0.8629496099916047,2024-07-31,2024-08-31
2024-07-18,70632ZAQ4,CA70632ZAQ42,,,0.0,,
2024-07-18,70632ZAR2,CA70632ZAR25,,,0.0,,
2024-07-18,70632ZAS0,CA70632ZAS08,,,0.0,,
2024-07-18,70632ZAT8,CA70632ZAT80,,,0.0,,
2024-07-18,70632ZAU5,CA70632ZAU53,,,0.0,,
2024-07-18,70632ZAV3,CA70632ZAV37,,,0.0,,
2024-07-18,70632ZAW1,CA70632ZAW10,,,0.0,,
2024-07-18,70632ZAX9,CA70632ZAX92,,,0.0,,
2024-07-18,70632ZAY7,CA70632ZAY75,,,0.0,,
2024-07-18,70960AAE8,CA70960AAE88,,,0.0,,
2024-07-18,72908UAC9,CA72908UAC95,0.891566265060241,1.0,0.9057070456005916,2024-07-31,2024-08-31
2024-07-18,72908VAB9,CA72908VAB95,0.8433734939759037,1.0,1.584987329801035,2024-07-31,2024-08-31
2024-07-18,72908WAB7,CA72908WAB78,0.8674698795180723,1.0,0.7924936649005175,2024-07-31,2024-08-31
2024-07-18,72909AAA6,CA72909AAA66,0.8313253012048193,1.0,1.0189204263006655,2024-07-31,2024-08-31
2024-07-18,739239AC5,CA739239AC53,0.8795180722891566,1.0,0.1199843228926922,2024-07-31,2024-08-31
2024-07-18,739239AD3,CA739239AD37,0.8701298701298701,1.0,0.1199843228926922,2024-07-31,2024-08-31
2024-07-18,739239AE1,CA739239AE10,0.8831168831168831,1.0,0.14998040361586526,2024-07-31,2024-08-31
2024-07-18,73927CAB6,CA73927CAB69,0.925531914893617,1.0,0.1799764843390383,2024-07-31,2024-08-31
2024-07-18,74167KAB5,CA74167KAB58,,,0.0,,
2024-07-18,74167KAC3,CA74167KAC32,0.8986175115207373,1.0,0.16225463016689662,2024-07-31,2024-08-31
2024-07-18,74167KAD1,CA74167KAD15,0.8617021276595744,1.0,0.2271564822336552,2024-07-31,2024-08-31
2024-07-18,759480AK2,CA759480AK24,,,0.0,,
2024-07-18,759480AL0,CA759480AL07,,,0.0,,
2024-07-18,759480AM8,CA759480AM89,,,0.0,,
2024-07-18,759480AN6,CA759480AN62,,,0.0,,
2024-07-18,766910BF9,CA766910BF90,,,0.0,,
2024-07-18,766910BG7,CA766910BG73,,,0.0,,
2024-07-18,766910BH5,CA766910BH56,0.8110599078341014,1.0,0.2271564822336552,2024-07-31,2024-08-31
2024-07-18,766910BJ1,CA766910BJ13,0.8617511520737328,1.0,0.16225463016689662,2024-07-31,2024-08-31
2024-07-18,766910BK8,CA766910BK85,,,0.0,,
2024-07-18,766910BL6,CA766910BL68,0.8894009216589862,1.0,0.2271564822336552,2024-07-31,2024-08-31
2024-07-18,766910BM4,CA766910BM42,0.06993006993006994,-1.0,-0.7359870024370428,2024-07-31,2024-08-31
2024-07-18,766910BN2,CA766910BN25,0.8191489361702128,1.0,0.16225463016689662,2024-07-31,2024-08-31
2024-07-18,766910BP7,CA766910BP72,,,0.0,,
2024-07-18,766910BQ5,CA766910BQ55,0.7872340425531915,1.0,0.19470555620027588,2024-07-31,2024-08-31
2024-07-18,775109AP6,CA775109AP67,0.935064935064935,1.0,0.634387211157032,2024-07-31,2024-08-31
2024-07-18,775109AQ4,CA775109AQ41,0.9090909090909091,1.0,1.1982869544077273,2024-07-31,2024-08-31
2024-07-18,775109AT8,CA775109AT89,0.922077922077922,1.0,0.49341227534435816,2024-07-31,2024-08-31
2024-07-18,775109BJ9,CA775109BJ98,,,0.0,,
2024-07-18,775109BK6,CA775109BK61,,,0.0,,
2024-07-18,775109BT7,CA775109BT70,,,0.0,,
2024-07-18,775109BV2,CA775109BV27,,,0.0,,
2024-07-18,775109BX8,CA775109BX82,0.9354838709677419,1.0,1.268774422314064,2024-07-31,2024-08-31
2024-07-18,775109CM1,CA775109CM19,,,0.0,,
2024-07-18,775109CP4,CA775109CP40,0.14285714285714285,-1.0,-0.48553658060622,2024-07-31,2024-08-31
2024-07-18,775109CQ2,CA775109CQ23,,,0.0,,
2024-07-18,775109CR0,CA775109CR06,0.8666666666666667,1.0,0.4229248074380213,2024-07-31,2024-08-31
2024-07-18,775109CS8,CA775109CS88,,,0.0,,
2024-07-18,775109CT6,CA775109CT61,0.935064935064935,1.0,2.114624037190106,2024-07-31,2024-08-31
2024-07-18,775109CU3,CA775109CU35,0.13636363636363635,-1.0,-0.64738210747496,2024-07-31,2024-08-31
2024-07-18,775109CV1,CA775109CV18,0.14285714285714285,-1.0,-0.97107316121244,2024-07-31,2024-08-31
2024-07-18,775109CW9,CA775109CW90,,,0.0,,
2024-07-18,775109DA6,CA775109DA61,,,0.0,,
2024-07-18,7800863G7,CA7800863G73,,,0.0,,
2024-07-18,780086RQ9,CA780086RQ98,,,0.0,,
2024-07-18,780086SY1,CA780086SY14,0.8986013986013986,1.0,0.4499412108475957,2024-07-31,2024-08-31
2024-07-18,780086TM6,CA780086TM66,,,0.0,,
2024-07-18,780086TY0,CA780086TY05,,,0.0,,
2024-07-18,780086U93,CA780086U931,,,0.0,,
2024-07-18,780086UA0,CA780086UA00,0.8811188811188811,1.0,0.9298785024183644,2024-07-31,2024-08-31
2024-07-18,780086UL6,CA780086UL64,0.9195804195804196,1.0,0.4499412108475957,2024-07-31,2024-08-31
2024-07-18,780086UT9,CA780086UT90,,,0.0,,
2024-07-18,780086VK7,CA780086VK72,,,0.0,,
2024-07-18,780086VV3,CA780086VV38,,,0.0,,
2024-07-18,780086WE0,CA780086WE04,,,0.0,,
2024-07-18,780086WG5,CA780086WG51,0.7552447552447552,1.0,1.109854986757403,2024-07-31,2024-08-31
2024-07-18,780086WK6,CA780086WK63,,,0.0,,
2024-07-18,780086XL3,CA780086XL38,0.8146853146853147,1.0,1.3798197132659604,2024-07-31,2024-08-31
2024-07-18,780086ZE7,CA780086ZE76,,,0.0,,
2024-07-18,780086ZH0,CA780086ZH08,,,0.0,,
2024-07-18,78423UAA6,CA78423UAA66,0.7831325301204819,1.0,1.2453471877008138,2024-07-31,2024-08-31
2024-07-18,78461GAB8,CA78461GAB82,0.847457627118644,1.0,1.3585605684008872,2024-07-31,2024-08-31
2024-07-18,78468QAA1,CA78468QAA19,0.18072289156626506,-1.0,-0.33712428919577575,2024-07-31,2024-08-31
2024-07-18,786688AA9,CA786688AA94,,,0.0,,
2024-07-18,786688AE1,CA786688AE17,,,0.0,,
2024-07-18,80310ZAE9,CA80310ZAE93,,,0.0,,
2024-07-18,80310ZAG4,CA80310ZAG42,0.7587412587412588,1.0,0.7063294276390972,2024-07-31,2024-08-31
2024-07-18,80310ZAH2,CA80310ZAH25,,,0.0,,
2024-07-18,80310ZAJ8,CA80310ZAJ80,,,0.0,,
2024-07-18,80310ZAK5,CA80310ZAK53,0.7788018433179723,1.0,0.41202549945614003,2024-07-31,2024-08-31
2024-07-18,80310ZAM1,CA80310ZAM10,0.880184331797235,1.0,0.7063294276390972,2024-07-31,2024-08-31
2024-07-18,811427AA1,CA811427AA13,,,0.0,,
2024-07-18,82621KAC6,CA82621KAC68,,,0.0,,
2024-07-18,82621KAD4,CA82621KAD42,,,0.0,,
2024-07-18,83179XAC2,CA83179XAC26,0.7692307692307693,1.0,0.19470555620027588,2024-07-31,2024-08-31
2024-07-18,83179XAH1,CA83179XAH13,0.8202764976958525,1.0,0.16225463016689662,2024-07-31,2024-08-31
2024-07-18,83179XAK4,CA83179XAK42,0.8723404255319149,1.0,0.12980370413351727,2024-07-31,2024-08-31
2024-07-18,83179XAL2,CA83179XAL25,0.7557603686635944,1.0,0.19470555620027588,2024-07-31,2024-08-31
2024-07-18,83179XAM0,CA83179XAM08,0.9468085106382979,1.0,0.19470555620027588,2024-07-31,2024-08-31
2024-07-18,83179XAN8,CA83179XAN80,,,0.0,,
2024-07-18,83179XAP3,CA83179XAP39,0.9354838709677419,1.0,0.19470555620027588,2024-07-31,2024-08-31
2024-07-18,83179XAQ1,CA83179XAQ12,0.8847926267281107,1.0,0.19470555620027588,2024-07-31,2024-08-31
2024-07-18,85472NAC3,CA85472NAC35,0.8741258741258742,1.0,0.2943039281829572,2024-07-31,2024-08-31
2024-07-18,85472NAD1,CA85472NAD18,0.9042553191489362,1.0,0.3531647138195486,2024-07-31,2024-08-31
2024-07-18,866796AD7,CA866796AD74,0.9322033898305084,1.0,0.26996472650855746,2024-07-31,2024-08-31
2024-07-18,86682ZAM8,CA86682ZAM82,0.9405594405594405,1.0,0.4199451301244227,2024-07-31,2024-08-31
2024-07-18,86682ZAN6,CA86682ZAN65,,,0.0,,
2024-07-18,86682ZAP1,CA86682ZAP14,0.8041958041958042,1.0,0.2999608072317305,2024-07-31,2024-08-31
2024-07-18,86682ZAQ9,CA86682ZAQ96,0.8018433179723502,1.0,0.4199451301244227,2024-07-31,2024-08-31
2024-07-18,86682ZAR7,CA86682ZAR79,0.851063829787234,1.0,0.20997256506221135,2024-07-31,2024-08-31
2024-07-18,86682ZAS5,CA86682ZAS52,0.8663594470046083,1.0,0.3899490494012497,2024-07-31,2024-08-31
2024-07-18,86682ZAT3,CA86682ZAT36,0.9124423963133641,1.0,0.32995688795490363,2024-07-31,2024-08-31
2024-07-18,86682ZAU0,CA86682ZAU09,0.851063829787234,1.0,0.4799372915707688,2024-07-31,2024-08-31
2024-07-18,86721ZAM1,CA86721ZAM10,,,0.0,,
2024-07-18,86721ZAN9,CA86721ZAN92,,,0.0,,
2024-07-18,86721ZAR0,CA86721ZAR07,0.16129032258064516,-1.0,-0.3213224575186672,2024-07-31,2024-08-31
2024-07-18,86721ZAW9,CA86721ZAW91,0.17832167832167833,-1.0,-0.6783474103171864,2024-07-31,2024-08-31
2024-07-18,86721ZAX7,CA86721ZAX74,,,0.0,,
2024-07-18,872442AA6,CA872442AA65,0.8135593220338984,1.0,0.3396401421002218,2024-07-31,2024-08-31
2024-07-18,87262KAE5,CA87262KAE51,,,0.0,,
2024-07-18,87262KAF2,CA87262KAF27,,,0.0,,
2024-07-18,87262KAG0,CA87262KAG00,,,0.0,,
2024-07-18,87262KAH8,CA87262KAH82,,,0.0,,
2024-07-18,87262KAJ4,CA87262KAJ49,,,0.0,,
2024-07-18,87262KAK1,CA87262KAK12,,,0.0,,
2024-07-18,87971MAS2,CA87971MAS22,0.7846153846153846,1.0,0.7753621469697058,2024-07-31,2024-08-31
2024-07-18,87971MAU7,CA87971MAU77,0.7846153846153846,1.0,0.49341227534435816,2024-07-31,2024-08-31
2024-07-18,87971MAW3,CA87971MAW34,0.8153846153846154,1.0,0.7753621469697058,2024-07-31,2024-08-31
2024-07-18,87971MAY9,CA87971MAY99,,,0.0,,
2024-07-18,87971MBB8,CA87971MBB87,,,0.0,,
2024-07-18,87971MBC6,CA87971MBC60,0.08041958041958042,-1.0,-0.7013306164312068,2024-07-31,2024-08-31
2024-07-18,87971MBE2,CA87971MBE27,,,0.0,,
2024-07-18,87971MBG7,CA87971MBG74,,,0.0,,
2024-07-18,87971MBJ1,CA87971MBJ14,0.17050691244239632,-1.0,-1.0789701791249335,2024-07-31,2024-08-31
2024-07-18,87971MBL6,CA87971MBL69,0.12937062937062938,-1.0,-0.7013306164312068,2024-07-31,2024-08-31
2024-07-18,87971MBN2,CA87971MBN26,,,0.0,,
2024-07-18,87971MBP7,CA87971MBP73,,,0.0,,
2024-07-18,87971MBQ5,CA87971MBQ56,,,0.0,,
2024-07-18,87971MBS1,CA87971MBS13,,,0.0,,
2024-07-18,87971MBT9,CA87971MBT95,,,0.0,,
2024-07-18,87971MBV4,CA87971MBV42,,,0.0,,
2024-07-18,87971MBX0,CA87971MBX08,,,0.0,,
2024-07-18,87971MBY8,CA87971MBY80,,,0.0,,
2024-07-18,87971MBZ5,CA87971MBZ55,,,0.0,,
2024-07-18,87971MCA9,CA87971MCA95,,,0.0,,
2024-07-18,87971MCB7,CA87971MCB78,,,0.0,,
2024-07-18,87971MCC5,CA87971MCC51,,,0.0,,
2024-07-18,87971MCD3,CA87971MCD35,,,0.0,,
2024-07-18,87971MCE1,CA87971MCE18,0.15668202764976957,-1.0,-0.5394850895624668,2024-07-31,2024-08-31
2024-07-18,87971MCF8,CA87971MCF82,0.1276595744680851,-1.0,-0.64738210747496,2024-07-31,2024-08-31
2024-07-18,87971MCG6,CA87971MCG65,,,0.0,,
2024-07-18,880789AC6,CA880789AC67,,,0.0,,
2024-07-18,880789AN2,CA880789AN23,,,0.0,,
2024-07-18,880789AS1,CA880789AS10,,,0.0,,
2024-07-18,88078ZAB0,CA88078ZAB00,,,0.0,,
2024-07-18,88078ZAC8,CA88078ZAC82,,,0.0,,
2024-07-18,88078ZAF1,CA88078ZAF14,,,0.0,,
2024-07-18,88078ZAG9,CA88078ZAG96,,,0.0,,
2024-07-18,88078ZAH7,CA88078ZAH79,,,0.0,,
2024-07-18,88100BAA7,CA88100BAA76,,,0.0,,
2024-07-18,88100BAB5,CA88100BAB59,0.15254237288135594,-1.0,-0.07140499055970383,2024-07-31,2024-08-31
2024-07-18,891102AD7,CA891102AD71,,,0.0,,
2024-07-18,891102AE5,CA891102AE54,,,0.0,,
2024-07-18,8911457R9,CA8911457R92,0.8356643356643356,1.0,0.6599137759098073,2024-07-31,2024-08-31
2024-07-18,89116CDM6,CA89116CDM60,,,0.0,,
2024-07-18,89116CFF9,CA89116CFF91,0.7972350230414746,1.0,1.019866744587884,2024-07-31,2024-08-31
2024-07-18,89117F3M9,CA89117F3M90,,,0.0,,
2024-07-18,89117F7G8,CA89117F7G86,0.7727272727272727,1.0,1.4098157939891334,2024-07-31,2024-08-31
2024-07-18,89117F7H6,CA89117F7H69,0.8566433566433567,1.0,1.1398510674805757,2024-07-31,2024-08-31
2024-07-18,89117F8V4,CA89117F8V45,,,0.0,,
2024-07-18,89117FA33,CA89117FA338,,,0.0,,
2024-07-18,89117FJ34,CA89117FJ347,,,0.0,,
2024-07-18,89117FPG8,CA89117FPG86,0.9055944055944056,1.0,0.9298785024183644,2024-07-31,2024-08-31
2024-07-18,89117FYZ6,CA89117FYZ66,0.17132867132867133,-1.0,-26.282419607299236,2024-07-31,2024-08-31
2024-07-18,89117FZ44,CA89117FZ442,,,0.0,,
2024-07-18,89117G8T7,CA89117G8T70,,,0.0,,
2024-07-18,89117GK30,CA89117GK301,,,0.0,,
2024-07-18,89117GRJ8,CA89117GRJ80,,,0.0,,
2024-07-18,89117GTQ0,CA89117GTQ06,0.8146853146853147,1.0,1.1398510674805757,2024-07-31,2024-08-31
2024-07-18,89117GX51,CA89117GX510,0.8951048951048951,1.0,0.7798980988024994,2024-07-31,2024-08-31
2024-07-18,89119ZAC7,CA89119ZAC73,,,0.0,,
2024-07-18,89119ZAF0,CA89119ZAF05,,,0.0,,
2024-07-18,89119ZAG8,CA89119ZAG87,,,0.0,,
2024-07-18,89119ZAH6,CA89119ZAH60,,,0.0,,
2024-07-18,89119ZAJ2,CA89119ZAJ27,0.055944055944055944,-1.0,-0.15323831327080717,2024-07-31,2024-08-31
2024-07-18,89119ZAK9,CA89119ZAK99,,,0.0,,
2024-07-18,89119ZAM5,CA89119ZAM55,,,0.0,,
2024-07-18,89119ZAN3,CA89119ZAN39,0.04608294930875576,-1.0,-0.12259065061664572,2024-07-31,2024-08-31
2024-07-18,89119ZAP8,CA89119ZAP86,0.08755760368663594,-1.0,-0.12259065061664572,2024-07-31,2024-08-31
2024-07-18,89119ZAQ6,CA89119ZAQ69,,,0.0,,
2024-07-18,89119ZAR4,CA89119ZAR43,,,0.0,,
2024-07-18,89119ZAS2,CA89119ZAS26,0.16589861751152074,-1.0,-0.18388597592496855,2024-07-31,2024-08-31
2024-07-18,89119ZAT0,CA89119ZAT09,0.0979020979020979,-1.0,-0.09194298796248428,2024-07-31,2024-08-31
2024-07-18,89156VAA4,CA89156VAA40,,,0.0,,
2024-07-18,89156VAB2,CA89156VAB23,0.1336405529953917,-1.0,-0.1785124763992596,2024-07-31,2024-08-31
2024-07-18,89156VAC0,CA89156VAC06,0.15384615384615385,-1.0,-0.1785124763992596,2024-07-31,2024-08-31
2024-07-18,892329BM4,CA892329BM41,,,0.0,,
2024-07-18,892329BN2,CA892329BN24,0.8426573426573427,1.0,0.1799764843390383,2024-07-31,2024-08-31
2024-07-18,892329BP7,CA892329BP71,0.006993006993006993,-1.0,-0.0,2024-07-31,2024-08-31
2024-07-18,892329BQ5,CA892329BQ54,0.9300699300699301,1.0,0.1199843228926922,2024-07-31,2024-08-31
2024-07-18,892329BR3,CA892329BR38,,,0.0,,
2024-07-18,892329BS1,CA892329BS11,,,0.0,,
2024-07-18,892329BT9,CA892329BT93,0.9440559440559441,1.0,0.20997256506221135,2024-07-31,2024-08-31
2024-07-18,892329BU6,CA892329BU66,0.8006993006993007,1.0,0.1199843228926922,2024-07-31,2024-08-31
2024-07-18,892329BV4,CA892329BV40,,,0.0,,
2024-07-18,892329BW2,CA892329BW23,0.8496503496503497,1.0,0.14998040361586526,2024-07-31,2024-08-31
2024-07-18,892329BX0,CA892329BX06,0.783410138248848,1.0,0.20997256506221135,2024-07-31,2024-08-31
2024-07-18,892329BY8,CA892329BY88,0.9020979020979021,1.0,0.14998040361586526,2024-07-31,2024-08-31
2024-07-18,89353ZAP3,CA89353ZAP32,0.7972027972027972,1.0,0.47069978726814793,2024-07-31,2024-08-31
2024-07-18,89353ZAX6,CA89353ZAX65,0.8846153846153846,1.0,0.47069978726814793,2024-07-31,2024-08-31
2024-07-18,89353ZBA5,CA89353ZBA53,,,0.0,,
2024-07-18,89353ZBE7,CA89353ZBE75,,,0.0,,
2024-07-18,89353ZBK3,CA89353ZBK36,0.7553191489361702,1.0,0.3922498227234567,2024-07-31,2024-08-31
2024-07-18,89353ZBU1,CA89353ZBU18,,,0.0,,
2024-07-18,89353ZBV9,CA89353ZBV90,,,0.0,,
2024-07-18,89353ZBZ0,CA89353ZBZ05,,,0.0,,
2024-07-18,89353ZCA4,CA89353ZCA45,,,0.0,,
2024-07-18,89353ZCB2,CA89353ZCB28,,,0.0,,
2024-07-18,89353ZCC0,CA89353ZCC01,,,0.0,,
2024-07-18,89353ZCD8,CA89353ZCD83,,,0.0,,
2024-07-18,89353ZCE6,CA89353ZCE66,0.10599078341013825,-1.0,-0.5355374291977787,2024-07-31,2024-08-31
2024-07-18,89353ZCF3,CA89353ZCF32,0.1853146853146853,-1.0,-1.3566948206343727,2024-07-31,2024-08-31
2024-07-18,89353ZCH9,CA89353ZCH97,0.14746543778801843,-1.0,-0.24991746695896339,2024-07-31,2024-08-31
2024-07-18,89353ZCJ5,CA89353ZCJ53,0.07692307692307693,-1.0,-0.2856199622388153,2024-07-31,2024-08-31
2024-07-18,89353ZCK2,CA89353ZCK27,,,0.0,,
2024-07-18,89353ZCL0,CA89353ZCL00,,,0.0,,
2024-07-18,89353ZCM8,CA89353ZCM82,0.11538461538461539,-1.0,-0.42842994335822293,2024-07-31,2024-08-31
2024-07-18,89353ZCN6,CA89353ZCN65,,,0.0,,
2024-07-18,89356BAD0,CA89356BAD07,0.9216589861751152,1.0,2.039699078161975,2024-07-31,2024-08-31
2024-07-18,89356BAF5,CA89356BAF54,0.864406779661017,1.0,0.6275997163575306,2024-07-31,2024-08-31
2024-07-18,893578AB0,CA893578AB09,0.8286713286713286,1.0,0.2819498716253475,2024-07-31,2024-08-31
2024-07-18,89678ZAB2,CA89678ZAB28,,,0.0,,
2024-07-18,89678ZAC0,CA89678ZAC01,,,0.0,,
2024-07-18,90664ZAD2,CA90664ZAD20,,,0.0,,
2024-07-18,90664ZAE0,CA90664ZAE03,0.05944055944055944,-1.0,-0.24991746695896339,2024-07-31,2024-08-31
2024-07-18,90664ZAF7,CA90664ZAF77,0.1258741258741259,-1.0,-0.10710748583955573,2024-07-31,2024-08-31
2024-07-18,90664ZAP5,CA90664ZAP59,,,0.0,,
2024-07-18,90664ZAS9,CA90664ZAS98,,,0.0,,
2024-07-18,90664ZAT7,CA90664ZAT71,,,0.0,,
2024-07-18,90664ZAU4,CA90664ZAU45,,,0.0,,
2024-07-18,90664ZAW0,CA90664ZAW01,,,0.0,,
2024-07-18,90664ZAX8,CA90664ZAX83,,,0.0,,
2024-07-18,90664ZAY6,CA90664ZAY66,,,0.0,,
2024-07-18,906667BA7,CA906667BA76,,,0.0,,
2024-07-18,918423AY0,CA918423AY04,,,0.0,,
2024-07-18,918423AZ7,CA918423AZ78,,,0.0,,
2024-07-18,918423BB9,CA918423BB91,,,0.0,,
2024-07-18,918423BC7,CA918423BC74,0.8881118881118881,1.0,0.14998040361586526,2024-07-31,2024-08-31
2024-07-18,918423BD5,CA918423BD57,,,0.0,,
2024-07-18,918423BE3,CA918423BE31,,,0.0,,
2024-07-18,92157WAA5,CA92157WAA59,,,0.0,,
2024-07-18,92157WAB3,CA92157WAB33,,,0.0,,
2024-07-18,92157WAC1,CA92157WAC16,,,0.0,,
2024-07-18,92157WAD9,CA92157WAD98,0.11059907834101383,-1.0,-0.15323831327080717,2024-07-31,2024-08-31
2024-07-18,92157WAE7,CA92157WAE71,,,0.0,,
2024-07-18,921947AB3,CA921947AB36,,,0.0,,
2024-07-18,92277LAG1,CA92277LAG10,,,0.0,,
2024-07-18,92277LAH9,CA92277LAH92,,,0.0,,
2024-07-18,92277LAJ5,CA92277LAJ58,,,0.0,,
2024-07-18,92277LAK2,CA92277LAK22,,,0.0,,
2024-07-18,92340VAA5,CA92340VAA58,,,0.0,,
2024-07-18,92340VAC1,CA92340VAC15,0.8813559322033898,1.0,0.706049680902222,2024-07-31,2024-08-31
2024-07-18,92660FAL8,CA92660FAL81,,,0.0,,
2024-07-18,92660FAM6,CA92660FAM64,,,0.0,,
2024-07-18,92660FAQ7,CA92660FAQ78,0.17972350230414746,-1.0,-0.64738210747496,2024-07-31,2024-08-31
2024-07-18,92660FAR5,CA92660FAR51,,,0.0,,
2024-07-18,92660FAS3,CA92660FAS35,,,0.0,,
2024-07-18,92938WAA1,CA92938WAA14,,,0.0,,
2024-07-18,92938WAB9,CA92938WAB96,0.9308755760368663,1.0,0.6474686420025059,2024-07-31,2024-08-31
2024-07-18,94106BAH4,CA94106BAH48,0.19815668202764977,-1.0,-0.8584415702954572,2024-07-31,2024-08-31
2024-07-18,94107TAA9,CA94107TAA93,,,0.0,,
2024-07-18,952637AE6,CA952637AE66,0.9493087557603687,1.0,0.7788222248011035,2024-07-31,2024-08-31
2024-07-18,95751ZAD5,CA95751ZAD56,0.7603686635944701,1.0,0.3137998581787653,2024-07-31,2024-08-31
2024-07-18,95751ZAH6,CA95751ZAH60,,,0.0,,
2024-07-18,95751ZAN3,CA95751ZAN39,,,0.0,,
2024-07-18,95751ZAR4,CA95751ZAR43,0.08741258741258741,-1.0,-0.3213224575186672,2024-07-31,2024-08-31
2024-07-18,96115ZAD4,CA96115ZAD48,,,0.0,,
2024-07-18,96115ZAE2,CA96115ZAE21,0.7590361445783133,1.0,0.1765823569097743,2024-07-31,2024-08-31
2024-07-18,975014AA9,CA975014AA98,0.927710843373494,1.0,0.5660669035003698,2024-07-31,2024-08-31
2024-07-18,975014AE1,CA975014AE11,0.8307692307692308,1.0,0.3396401421002218,2024-07-31,2024-08-31
2024-07-18,975014AF8,CA975014AF85,,,0.0,,
2024-07-18,975014AG6,CA975014AG68,,,0.0,,
